name,location_tag,features,rating,listing_url,price_number
City studio+pool+24 hour gym+parking on request,Entire guest suite in Adelaide,"['3 guests', 'Studio', '2 beds', '1 bath', 'Kitchen', 'Air conditioning', 'Wifi']",4.92 (180 reviews),https://www.airbnb.com/rooms/27443185?previous_page_section_name=1000&federated_search_id=05cf3b07-4983-4621-9e89-30d8c6353d23,73.0
Sky-touching apartment ✔️Carpark✔️Pool✔️Views✔️Luxury,Entire rental unit in Adelaide,"['4 guests', '2 bedrooms', '3 beds', '2 baths', 'Free parking', 'Kitchen', 'Air conditioning', 'Wifi']",rating,https://www.airbnb.com/rooms/53369431?previous_page_section_name=1000&federated_search_id=05cf3b07-4983-4621-9e89-30d8c6353d23,86.0
The Orange Door Apartment,Entire rental unit in Thebarton,"['2 guests', '1 bedroom', '1 bed', '1 bath', 'Kitchen', 'Air conditioning']",4.78 (268 reviews),https://www.airbnb.com/rooms/28164046?previous_page_section_name=1000&federated_search_id=05cf3b07-4983-4621-9e89-30d8c6353d23,44.0
Cozy Appartement near city center,Private room in Rose Park,"['2 guests', '1 bedroom', '1 bed', '1 shared bath', 'Kitchen', 'Air conditioning', 'Wifi']",4.88 (25 reviews),https://www.airbnb.com/rooms/47722548?previous_page_section_name=1000&federated_search_id=05cf3b07-4983-4621-9e89-30d8c6353d23,34.0
Jewel of Central⚝Sauna✔Gym✔Pool✔NBN✔Cinema✔Netflix,Entire rental unit in Adelaide,"['2 guests', 'Studio', '1 bed', '1 bath', 'Free parking', 'Kitchen', 'Air conditioning', 'Wifi']",4.85 (163 reviews),https://www.airbnb.com/rooms/35320395?previous_page_section_name=1000&federated_search_id=05cf3b07-4983-4621-9e89-30d8c6353d23,106.0
❤Adelaide CBD❤Netflix❤WiFi❤Balcony with GREAT View,Entire rental unit in Adelaide,"['2 guests', '1 bedroom', '1 bed', '1 bath', 'Kitchen', 'Air conditioning', 'Wifi']",4.83 (54 reviews),https://www.airbnb.com/rooms/33152194?previous_page_section_name=1000&federated_search_id=05cf3b07-4983-4621-9e89-30d8c6353d23,87.0
The Pigeon Loft,Entire guest suite in Mile End,"['2 guests', '1 bedroom', '1 bed', '1 bath', 'Kitchen', 'Air conditioning', 'Wifi']",4.91 (54 reviews),https://www.airbnb.com/rooms/43056156?previous_page_section_name=1000&federated_search_id=05cf3b07-4983-4621-9e89-30d8c6353d23,71.0
Vivid on Realm ✩ RundleMall✔Pool&Gym✔EasyLifestyle,Entire condominium (condo) in Adelaide,"['2 guests', '1 bedroom', '1 bed', '1 bath', 'Kitchen', 'Air conditioning', 'Wifi']",rating,https://www.airbnb.com/rooms/53418816?previous_page_section_name=1000&federated_search_id=05cf3b07-4983-4621-9e89-30d8c6353d23,110.0
Great value.In the city. Quirky& quiet.Covid safe.,Entire rental unit in Adelaide,"['2 guests', '1 bedroom', '1 bed', '1 bath', 'Free parking', 'Kitchen', 'Air conditioning']",4.70 (240 reviews),https://www.airbnb.com/rooms/13514203?previous_page_section_name=1000&federated_search_id=05cf3b07-4983-4621-9e89-30d8c6353d23,43.0
Market Cottage,Entire residential home in Adelaide,"['3 guests', '1 bedroom', '2 beds', '1 bath', 'Kitchen', 'Air conditioning', 'Wifi']",4.90 (176 reviews),https://www.airbnb.com/rooms/17949415?previous_page_section_name=1000&federated_search_id=05cf3b07-4983-4621-9e89-30d8c6353d23,85.0
51SQ Eco Home Adelaide city,Entire townhouse in Adelaide,"['2 guests', '1 bedroom', '1 bed', '1 bath', 'Kitchen', 'Air conditioning', 'Wifi']",5.0 (113 reviews),https://www.airbnb.com/rooms/30915438?previous_page_section_name=1000&federated_search_id=05cf3b07-4983-4621-9e89-30d8c6353d23,101.0
Cosy Quality East End Apartment,Entire rental unit in Adelaide,"['4 guests', '2 bedrooms', '2 beds', '1 bath', 'Free parking', 'Kitchen', 'Air conditioning', 'Wifi']",5.0 (25 reviews),https://www.airbnb.com/rooms/28468679?previous_page_section_name=1000&federated_search_id=05cf3b07-4983-4621-9e89-30d8c6353d23,100.0
Project BNB on Waymouth ★FREE WINE★NETFLIX★WIFI★,Entire rental unit in Adelaide,"['3 guests', '1 bedroom', '2 beds', '1 bath', 'Kitchen', 'Air conditioning', 'Wifi']",4.48 (92 reviews),https://www.airbnb.com/rooms/32323885?previous_page_section_name=1000&federated_search_id=05cf3b07-4983-4621-9e89-30d8c6353d23,62.0
403b Studio Frome Street Apartments Included WiFi!,Entire rental unit in Adelaide,"['2 guests', '1 bedroom', '1 bed', '1 bath', 'Air conditioning', 'Wifi']",5.0 (7 reviews),https://www.airbnb.com/rooms/48216648?previous_page_section_name=1000&federated_search_id=05cf3b07-4983-4621-9e89-30d8c6353d23,80.0
Renovated CBD Penthouse | Inc. Parking Pool & Gym,Entire rental unit in Adelaide,"['4 guests', '2 bedrooms', '2 beds', '2 baths', 'Free parking', 'Kitchen', 'Air conditioning', 'Wifi']",4.84 (81 reviews),https://www.airbnb.com/rooms/17466141?previous_page_section_name=1000&federated_search_id=05cf3b07-4983-4621-9e89-30d8c6353d23,392.0
CBD Square & City View Apt With Free Parking #1,Entire rental unit in Adelaide,"['3 guests', 'Studio', '1 bed', '1 bath', 'Free parking', 'Kitchen', 'Air conditioning', 'Wifi']",4.74 (44 reviews),https://www.airbnb.com/rooms/33003667?previous_page_section_name=1000&federated_search_id=05cf3b07-4983-4621-9e89-30d8c6353d23,86.0
Pool Studio Close To CBD,Private room in Rose Park,"['2 guests', '1 bedroom', '1 bed', '1 private bath', 'Kitchen', 'Air conditioning', 'Wifi']",4.82 (119 reviews),https://www.airbnb.com/rooms/22719753?previous_page_section_name=1000&federated_search_id=05cf3b07-4983-4621-9e89-30d8c6353d23,57.0
"CBD Location with pool, gym, cinema",Entire rental unit in Adelaide,"['2 guests', '1 bedroom', '1 bed', '1 bath', 'Kitchen', 'Air conditioning', 'Wifi']",4.63 (151 reviews),https://www.airbnb.com/rooms/21635219?previous_page_section_name=1000&federated_search_id=05cf3b07-4983-4621-9e89-30d8c6353d23,68.0
CBD Square View 1-Bedroom Apt With Free Parking #2,Entire rental unit in Adelaide,"['2 guests', '1 bedroom', '1 bed', '1 bath', 'Free parking', 'Kitchen', 'Air conditioning', 'Wifi']",4.85 (27 reviews),https://www.airbnb.com/rooms/36098113?previous_page_section_name=1000&federated_search_id=05cf3b07-4983-4621-9e89-30d8c6353d23,85.0
｡◕‿◕｡Spring Taste•CityCentre✔Pool✔restaurant✔Bar✔,Entire rental unit in Adelaide,"['4 guests', '1 bedroom', '2 beds', '1 bath', 'Kitchen', 'Air conditioning', 'Wifi']",4.90 (49 reviews),https://www.airbnb.com/rooms/42799637?previous_page_section_name=1000&federated_search_id=05cf3b07-4983-4621-9e89-30d8c6353d23,86.0
Studio on Gouger,Entire rental unit in Adelaide,"['2 guests', 'Studio', '1 bed', '1 bath', 'Air conditioning']",rating,https://www.airbnb.com/rooms/48788900?previous_page_section_name=1000&federated_search_id=6c2ea906-7aba-4846-b038-47e07e1fdf09,61.345852895148674
Modern studio in the city+pool+24h gym,Entire guest suite in Adelaide,"['3 guests', 'Studio', '1 bed', '1 bath', 'Kitchen', 'Air conditioning', 'Wifi']",4.92 (13 reviews),https://www.airbnb.com/rooms/33028634?previous_page_section_name=1000&federated_search_id=6c2ea906-7aba-4846-b038-47e07e1fdf09,69.79655712050078
"2 bed Apt, Pool, Carpark & Flexible Cancellation!!",Entire rental unit in Adelaide,"['5 guests', '2 bedrooms', '3 beds', '1 bath', 'Free parking', 'Kitchen', 'Air conditioning', 'Wifi']",4.91 (269 reviews),https://www.airbnb.com/rooms/25778183?previous_page_section_name=1000&federated_search_id=6c2ea906-7aba-4846-b038-47e07e1fdf09,84.35054773082942
Studio near Adelaide Oval & Uni with free CBD Bus,Entire guest suite in North Adelaide,"['2 guests', '1 bedroom', '1 bed', '1 bath', 'Kitchen', 'Air conditioning', 'Wifi']",4.92 (174 reviews),https://www.airbnb.com/rooms/15732633?previous_page_section_name=1000&federated_search_id=6c2ea906-7aba-4846-b038-47e07e1fdf09,62.754303599374026
Brand New luxury South Terrace No.08♥Netflix,Entire rental unit in Adelaide,"['2 guests', '1 bedroom', '1 bed', '1 bath', 'Kitchen', 'Air conditioning', 'Wifi']",4.90 (29 reviews),https://www.airbnb.com/rooms/40783806?previous_page_section_name=1000&federated_search_id=6c2ea906-7aba-4846-b038-47e07e1fdf09,75.5868544600939
Spacious 1 Bed Apartment on North Terrace,Entire serviced apartment in Adelaide,"['3 guests', '1 bedroom', '1 bed', '1 bath', 'Kitchen', 'Air conditioning', 'Wifi']",4.33 (57 reviews),https://www.airbnb.com/rooms/31544299?previous_page_section_name=1000&federated_search_id=6c2ea906-7aba-4846-b038-47e07e1fdf09,168.23161189358373
Fabulous on Gouger★Chinatown✔Free parking✔NBN✔,Entire rental unit in Adelaide,"['4 guests', '2 bedrooms', '2 beds', '1 bath', 'Free parking', 'Kitchen', 'Air conditioning', 'Wifi']",4.82 (33 reviews),https://www.airbnb.com/rooms/49934205?previous_page_section_name=1000&federated_search_id=6c2ea906-7aba-4846-b038-47e07e1fdf09,114.86697965571206
Cheerful on Light Square :) Pool✔Sauna✔Carpark✔,Entire rental unit in Adelaide,"['3 guests', '1 bedroom', '1 bed', '1 bath', 'Free parking', 'Kitchen', 'Air conditioning', 'Wifi']",4.74 (19 reviews),https://www.airbnb.com/rooms/50832608?previous_page_section_name=1000&federated_search_id=6c2ea906-7aba-4846-b038-47e07e1fdf09,104.85133020344288
CBD Deluxe Studio Penthouse with Square View #2,Entire rental unit in Adelaide,"['3 guests', 'Studio', '2 beds', '1 bath', 'Free parking', 'Kitchen', 'Air conditioning', 'Wifi']",4.69 (52 reviews),https://www.airbnb.com/rooms/33108965?previous_page_section_name=1000&federated_search_id=6c2ea906-7aba-4846-b038-47e07e1fdf09,85.44600938967136
Luxury Apt✔︎CBD✔︎Exceptional City View✔︎Level 21,Entire rental unit in Adelaide,"['5 guests', '2 bedrooms', '2 beds', '2 baths', 'Free parking', 'Kitchen', 'Air conditioning', 'Wifi']",4.85 (94 reviews),https://www.airbnb.com/rooms/46126983?previous_page_section_name=1000&federated_search_id=6c2ea906-7aba-4846-b038-47e07e1fdf09,208.60719874804383
Self Contained Guest Suite in Heart of Norwood,Entire guest suite in Norwood,"['2 guests', '1 bedroom', '2 beds', '1.5 baths', 'Air conditioning', 'Wifi']",4.90 (126 reviews),https://www.airbnb.com/rooms/23095573?previous_page_section_name=1000&federated_search_id=6c2ea906-7aba-4846-b038-47e07e1fdf09,84.03755868544602
"Stylish ""Mansions"" spacious CBD Heritage Apartment",Entire condominium (condo) in Adelaide,"['3 guests', '1 bedroom', '1 bed', '1 bath', 'Kitchen', 'Air conditioning', 'Wifi']",5.0 (76 reviews),https://www.airbnb.com/rooms/41134001?previous_page_section_name=1000&federated_search_id=6c2ea906-7aba-4846-b038-47e07e1fdf09,90.76682316118936
Chic inner-city living.,Entire rental unit in Adelaide,"['2 guests', '1 bedroom', '1 bed', '1 bath', 'Free parking', 'Kitchen', 'Air conditioning', 'Wifi']",4.69 (327 reviews),https://www.airbnb.com/rooms/5032458?previous_page_section_name=1000&federated_search_id=6c2ea906-7aba-4846-b038-47e07e1fdf09,85.44600938967136
SPARKLING CLEAN RENO -SUPERBLY LOCATED CITY BASE !,Entire rental unit in Adelaide,"['2 guests', '1 bedroom', '1 bed', '1 bath', 'Free parking', 'Kitchen', 'Air conditioning', 'Wifi']",4.96 (48 reviews),https://www.airbnb.com/rooms/40673305?previous_page_section_name=1000&federated_search_id=6c2ea906-7aba-4846-b038-47e07e1fdf09,95.46165884194053
★LUXURY 1BR APARTMENT★POOL★GYM★CINEMA,Entire rental unit in Adelaide,"['3 guests', '1 bedroom', '2 beds', '1 bath', 'Kitchen', 'Air conditioning', 'Wifi']",4.98 (49 reviews),https://www.airbnb.com/rooms/34834152?previous_page_section_name=1000&federated_search_id=6c2ea906-7aba-4846-b038-47e07e1fdf09,124.88262910798123
North Adelaide studio 80 sqm,Entire condominium (condo) in North Adelaide,"['2 guests', 'Studio', '1 bed', '1 bath', 'Kitchen', 'Air conditioning', 'Wifi']",4.52 (76 reviews),https://www.airbnb.com/rooms/3068713?previous_page_section_name=1000&federated_search_id=6c2ea906-7aba-4846-b038-47e07e1fdf09,71.83098591549296
Charming✔1-Bdr Apartment Home✩RundleMall,Entire rental unit in Adelaide,"['2 guests', '1 bedroom', '1 bed', '1 bath', 'Kitchen', 'Air conditioning', 'Wifi']",4.77 (48 reviews),https://www.airbnb.com/rooms/47207504?previous_page_section_name=1000&federated_search_id=6c2ea906-7aba-4846-b038-47e07e1fdf09,109.85915492957747
★Divinity on Morphett ★2BR Staycation✔Wifi✔Parking,Entire rental unit in Adelaide,"['5 guests', '2 bedrooms', '3 beds', '1 bath', 'Free parking', 'Kitchen', 'Air conditioning', 'Wifi']",4.79 (98 reviews),https://www.airbnb.com/rooms/37537017?previous_page_section_name=1000&federated_search_id=6c2ea906-7aba-4846-b038-47e07e1fdf09,127.69953051643193
♥Elegant in China Town♥ Sky line✔Luxury✔Gym,Entire rental unit in Adelaide,"['4 guests', '2 bedrooms', '2 beds', '2 baths', 'Kitchen', 'Air conditioning', 'Wifi']",4.83 (18 reviews),https://www.airbnb.com/rooms/50201500?previous_page_section_name=1000&federated_search_id=6c2ea906-7aba-4846-b038-47e07e1fdf09,120.03129890453835
Central city apartment close to Rundle St &Nth Tce,Entire condominium (condo) in Adelaide,"['2 guests', '1 bedroom', '1 bed', '1 bath', 'Free parking', 'Kitchen', 'Air conditioning', 'Wifi']",4.71 (189 reviews),https://www.airbnb.com/rooms/19627210?previous_page_section_name=1000&federated_search_id=6c2ea906-7aba-4846-b038-47e07e1fdf09,63.06729264475744
❤️The Grand Apartments❤️ North Adelaide + Parking,Entire rental unit in North Adelaide,"['5 guests', '2 bedrooms', '3 beds', '1 bath', 'Free parking', 'Kitchen', 'Air conditioning']",5.0 (5 reviews),https://www.airbnb.com/rooms/43209874?previous_page_section_name=1000&federated_search_id=2c14960a-3117-4dd7-9840-aa5a9975a1db,61.81533646322379
The Luxury@City Central★Pool+Gym&Parking+WiFi,Entire rental unit in Adelaide,"['5 guests', '2 bedrooms', '3 beds', '2 baths', 'Free parking', 'Kitchen', 'Air conditioning', 'Wifi']",4.88 (43 reviews),https://www.airbnb.com/rooms/46925057?previous_page_section_name=1000&federated_search_id=2c14960a-3117-4dd7-9840-aa5a9975a1db,151.4866979655712
Heart of Adelaide✔Luxuy Apt✔Rundle Mall✔Pool✔,Entire rental unit in Adelaide,"['3 guests', '1 bedroom', '2 beds', '1 bath', 'Kitchen', 'Air conditioning', 'Wifi']",4.75 (96 reviews),https://www.airbnb.com/rooms/44437135?previous_page_section_name=1000&federated_search_id=2c14960a-3117-4dd7-9840-aa5a9975a1db,111.89358372456965
Brand New Luxury South Terrace No.07,Entire rental unit in Adelaide,"['2 guests', '1 bedroom', '2 beds', '1 bath', 'Kitchen', 'Air conditioning', 'Wifi']",5.0 (5 reviews),https://www.airbnb.com/rooms/42101981?previous_page_section_name=1000&federated_search_id=2c14960a-3117-4dd7-9840-aa5a9975a1db,75.5868544600939
Charming on Grote★Parking★POOL&GYM Open!!,Entire rental unit in Adelaide,"['4 guests', '2 bedrooms', '2 beds', '1 bath', 'Free parking', 'Kitchen', 'Air conditioning', 'Wifi']",4.51 (35 reviews),https://www.airbnb.com/rooms/46127745?previous_page_section_name=1000&federated_search_id=2c14960a-3117-4dd7-9840-aa5a9975a1db,132.8638497652582
Iconic on Vue with Free Parking✔Pool✔Gym✔WiFi,Entire rental unit in Adelaide,"['5 guests', '2 bedrooms', '2 beds', '1 bath', 'Free parking', 'Kitchen', 'Air conditioning', 'Wifi']",4.83 (24 reviews),https://www.airbnb.com/rooms/50529396?previous_page_section_name=1000&federated_search_id=2c14960a-3117-4dd7-9840-aa5a9975a1db,141.94053208137717
"Heritage-Listed, Charming City Cottage",Entire cottage in Adelaide,"['4 guests', '1 bedroom', '2 beds', '1 bath', 'Kitchen', 'Air conditioning', 'Wifi']",4.62 (76 reviews),https://www.airbnb.com/rooms/16335676?previous_page_section_name=1000&federated_search_id=2c14960a-3117-4dd7-9840-aa5a9975a1db,70.57902973395932
TOP FLOOR Frome St Studio Apt 605! w Kitchenette!,Entire rental unit in Adelaide,"['2 guests', 'Studio', '1 bed', '1 bath', 'Kitchen', 'Air conditioning', 'Wifi']",4.88 (8 reviews),https://www.airbnb.com/rooms/48831867?previous_page_section_name=1000&federated_search_id=2c14960a-3117-4dd7-9840-aa5a9975a1db,78.40375586854461
★Retro Paradiso★Boutique cottage in Adelaide CBD,Entire cottage in Adelaide,"['2 guests', '1 bedroom', '1 bed', '1 bath', 'Kitchen', 'Air conditioning', 'Wifi']",4.93 (140 reviews),https://www.airbnb.com/rooms/25855355?previous_page_section_name=1000&federated_search_id=2c14960a-3117-4dd7-9840-aa5a9975a1db,103.75586854460094
Cute Super City Fringe 1 Bedroom Unit &carpark,Entire guest suite in Norwood,"['2 guests', '1 bedroom', '1 bed', '1 bath', 'Free parking', 'Kitchen', 'Air conditioning', 'Wifi']",4.82 (38 reviews),https://www.airbnb.com/rooms/41745303?previous_page_section_name=1000&federated_search_id=2c14960a-3117-4dd7-9840-aa5a9975a1db,71.20500782472614
Trendy Apartment in Adelaide CBD ❤Private Balcony❤,Entire rental unit in Adelaide,"['2 guests', '1 bedroom', '1 bed', '1 bath', 'Kitchen', 'Air conditioning']",4.87 (172 reviews),https://www.airbnb.com/rooms/17831059?previous_page_section_name=1000&federated_search_id=2c14960a-3117-4dd7-9840-aa5a9975a1db,72.14397496087638
Brand New luxury South Terrace No.06,Entire rental unit in Adelaide,"['2 guests', '1 bedroom', '2 beds', '1 bath', 'Kitchen', 'Air conditioning', 'Wifi']",4.84 (80 reviews),https://www.airbnb.com/rooms/33400108?previous_page_section_name=1000&federated_search_id=2c14960a-3117-4dd7-9840-aa5a9975a1db,72.7699530516432
City Cottage- pet friendly,Entire cottage in Adelaide,"['2 guests', '1 bedroom', '1 bed', '1 bath', 'Free parking', 'Kitchen', 'Air conditioning', 'Wifi']",4.82 (165 reviews),https://www.airbnb.com/rooms/10557407?previous_page_section_name=1000&federated_search_id=2c14960a-3117-4dd7-9840-aa5a9975a1db,99.06103286384977
Great City Explorer Apartment,Entire rental unit in North Adelaide,"['4 guests', '1 bedroom', '2 beds', '1 bath', 'Free parking', 'Kitchen', 'Air conditioning', 'Wifi']",4.83 (114 reviews),https://www.airbnb.com/rooms/29693221?previous_page_section_name=1000&federated_search_id=2c14960a-3117-4dd7-9840-aa5a9975a1db,60.093896713615024
Parkland Pad Contemporary Apt - City skyline Views,Entire rental unit in Adelaide,"['2 guests', '1 bedroom', '1 bed', '1 bath', 'Free parking', 'Kitchen', 'Air conditioning', 'Wifi']",4.74 (47 reviews),https://www.airbnb.com/rooms/47749301?previous_page_section_name=1000&federated_search_id=2c14960a-3117-4dd7-9840-aa5a9975a1db,81.06416275430361
Oaks Horizons & Amazing City View& Free Parking,Entire rental unit in Adelaide,"['4 guests', '1 bedroom', '1 bed', '1 bath', 'Free parking', 'Kitchen', 'Air conditioning', 'Wifi']",4.95 (133 reviews),https://www.airbnb.com/rooms/31701650?previous_page_section_name=1000&federated_search_id=2c14960a-3117-4dd7-9840-aa5a9975a1db,115.8059467918623
｡◕‿◕｡Crafts Gallery•Square View✔restaurants✔Bars✔,Entire rental unit in Adelaide,"['3 guests', '1 bedroom', '2 beds', '1 bath', 'Kitchen', 'Air conditioning', 'Wifi']",5.0 (6 reviews),https://www.airbnb.com/rooms/52343133?previous_page_section_name=1000&federated_search_id=2c14960a-3117-4dd7-9840-aa5a9975a1db,81.84663536776213
Central Market CBD Apartment with Free Parking Wi-Fi Netflix,Entire rental unit in Adelaide,"['4 guests', '2 bedrooms', '2 beds', '1 bath', 'Free parking', 'Kitchen', 'Air conditioning', 'Wifi']",4.87 (360 reviews),https://www.airbnb.com/rooms/plus/9732926?previous_page_section_name=1000&federated_search_id=2c14960a-3117-4dd7-9840-aa5a9975a1db,109.54616588419405
★Sky High on Grote★2BR Staycation✔CBD✔Pool✔Gym✔,Entire rental unit in Adelaide,"['4 guests', '2 bedrooms', '2 beds', '2 baths', 'Free parking', 'Kitchen', 'Air conditioning', 'Wifi']",4.65 (145 reviews),https://www.airbnb.com/rooms/31229036?previous_page_section_name=1000&federated_search_id=2c14960a-3117-4dd7-9840-aa5a9975a1db,149.45226917057903
Adelaide CBD Exciting East End #4 Fringe/Womad,Entire rental unit in Adelaide,"['4 guests', '2 bedrooms', '3 beds', '1 bath', 'Kitchen', 'Air conditioning', 'Wifi']",4.87 (274 reviews),https://www.airbnb.com/rooms/21222872?previous_page_section_name=1000&federated_search_id=2c14960a-3117-4dd7-9840-aa5a9975a1db,107.19874804381847
Studio 44,Entire rental unit in Adelaide,"['2 guests', '1 bedroom', '1 bed', '1 bath', 'Kitchen', 'Air conditioning', 'Wifi']",4.98 (154 reviews),https://www.airbnb.com/rooms/20561118?previous_page_section_name=1000&federated_search_id=be538910-7508-44cb-a5d8-f86897dc0c0d,94.36619718309859
"""NEW""Skyline View✔︎Luxury Apt✔︎Homey✔︎Heart of ADL",Entire rental unit in Adelaide,"['4 guests', '2 bedrooms', '2 beds', '1 bath', 'Kitchen', 'Air conditioning', 'Wifi']",4.77 (31 reviews),https://www.airbnb.com/rooms/50833649?previous_page_section_name=1000&federated_search_id=be538910-7508-44cb-a5d8-f86897dc0c0d,150.07824726134587
Upper East Side on Fifth Ave. St Peters location.,Entire rental unit in The City of Norwood Payneham and St Peters,"['3 guests', '1 bedroom', '1 bed', '1 bath', 'Free parking', 'Kitchen', 'Air conditioning', 'Wifi']",4.71 (74 reviews),https://www.airbnb.com/rooms/15289179?previous_page_section_name=1000&federated_search_id=be538910-7508-44cb-a5d8-f86897dc0c0d,142.56651017214398
Spectacular Views Over North Terrace✔WIFI✔Parking✔,Entire rental unit in Adelaide,"['5 guests', '1 bedroom', '2 beds', '1 bath', 'Free parking', 'Kitchen', 'Air conditioning', 'Wifi']",4.65 (20 reviews),https://www.airbnb.com/rooms/50833143?previous_page_section_name=1000&federated_search_id=be538910-7508-44cb-a5d8-f86897dc0c0d,120.03129890453835
"Spacious Living Area, Everything at Your Doorstep",Entire rental unit in Adelaide,"['4 guests', '2 bedrooms', '2 beds', '1 bath', 'Free parking', 'Kitchen', 'Air conditioning', 'Wifi']",4.88 (16 reviews),https://www.airbnb.com/rooms/45455521?previous_page_section_name=1000&federated_search_id=be538910-7508-44cb-a5d8-f86897dc0c0d,145.5399061032864
Brand New luxury South Terrace No.14,Entire rental unit in Adelaide,"['2 guests', '1 bedroom', '2 beds', '1 bath', 'Kitchen', 'Air conditioning', 'Wifi']",4.85 (66 reviews),https://www.airbnb.com/rooms/38163154?previous_page_section_name=1000&federated_search_id=be538910-7508-44cb-a5d8-f86897dc0c0d,70.57902973395932
Adelaide CBD Exciting East End #6 Fringe/Womad,Entire rental unit in Adelaide,"['4 guests', '2 bedrooms', '3 beds', '1 bath', 'Kitchen', 'Air conditioning', 'Wifi']",4.81 (196 reviews),https://www.airbnb.com/rooms/25466192?previous_page_section_name=1000&federated_search_id=be538910-7508-44cb-a5d8-f86897dc0c0d,107.35524256651017
Luxury Apt In Oaks Embassy✔Views✔Location,Entire rental unit in Adelaide,"['2 guests', '1 bedroom', '2 beds', '1 bath', 'Kitchen', 'Air conditioning', 'Wifi']",4.83 (24 reviews),https://www.airbnb.com/rooms/45791652?previous_page_section_name=1000&federated_search_id=be538910-7508-44cb-a5d8-f86897dc0c0d,109.23317683881065
"The Lotus Eater, Garden bungalow 5 min to CBD",Entire guesthouse in Parkside,"['2 guests', '1 bedroom', '1 bed', '1 bath', 'Free parking', 'Kitchen', 'Air conditioning', 'Wifi']",4.80 (183 reviews),https://www.airbnb.com/rooms/150424?previous_page_section_name=1000&federated_search_id=be538910-7508-44cb-a5d8-f86897dc0c0d,89.51486697965572
Stunning CBD 1 BR Apartment With a View - V413,Entire rental unit in Adelaide,"['2 guests', '1 bedroom', '1 bath', 'Kitchen', 'Air conditioning', 'Wifi']",5.0 (5 reviews),https://www.airbnb.com/rooms/46434645?previous_page_section_name=1000&federated_search_id=be538910-7508-44cb-a5d8-f86897dc0c0d,89.0453834115806
Brand New luxury South Terrace No.24,Entire rental unit in Adelaide,"['2 guests', '1 bedroom', '2 beds', '1 bath', 'Kitchen', 'Air conditioning', 'Wifi']",4.83 (24 reviews),https://www.airbnb.com/rooms/45942522?previous_page_section_name=1000&federated_search_id=be538910-7508-44cb-a5d8-f86897dc0c0d,70.89201877934272
"York on Grenfell- Free parking, Netflix plus pool",Entire rental unit in Adelaide,"['6 guests', '2 bedrooms', '3 beds', '2 baths', 'Free parking', 'Kitchen', 'Air conditioning', 'Wifi']",4.87 (111 reviews),https://www.airbnb.com/rooms/24184976?previous_page_section_name=1000&federated_search_id=be538910-7508-44cb-a5d8-f86897dc0c0d,78.87323943661973
A stay you wont forget in Adelaide.,Entire rental unit in Adelaide,"['2 guests', '1 bedroom', '1 bed', '1 bath', 'Kitchen', 'Air conditioning', 'Wifi']",4.89 (55 reviews),https://www.airbnb.com/rooms/41774885?previous_page_section_name=1000&federated_search_id=be538910-7508-44cb-a5d8-f86897dc0c0d,75.4303599374022
"York Deluxe, sleeps 6, free park, city centre!",Entire rental unit in Adelaide,"['6 guests', '2 bedrooms', '3 beds', '1 bath', 'Free parking', 'Kitchen', 'Air conditioning', 'Wifi']",4.86 (276 reviews),https://www.airbnb.com/rooms/17352007?previous_page_section_name=1000&federated_search_id=be538910-7508-44cb-a5d8-f86897dc0c0d,75.8998435054773
CBD location. Very Comfortable. Long stays welcome,Entire condominium (condo) in Adelaide,"['4 guests', '2 bedrooms', '3 beds', '1 bath', 'Free parking', 'Kitchen', 'Air conditioning', 'Wifi']",4.86 (43 reviews),https://www.airbnb.com/rooms/25844827?previous_page_section_name=1000&federated_search_id=be538910-7508-44cb-a5d8-f86897dc0c0d,106.88575899843507
Deluxe Penthouse Great City View Free Parking #1,Entire rental unit in Adelaide,"['6 guests', '2 bedrooms', '4 beds', '1 bath', 'Free parking', 'Kitchen', 'Air conditioning', 'Wifi']",5.0 (8 reviews),https://www.airbnb.com/rooms/40338036?previous_page_section_name=1000&federated_search_id=be538910-7508-44cb-a5d8-f86897dc0c0d,106.88575899843507
A Mates’s Place,Entire rental unit in Ridleyton,"['4 guests', '2 bedrooms', '2 beds', '1.5 baths', 'Free parking', 'Kitchen', 'Air conditioning', 'Wifi']",4.96 (50 reviews),https://www.airbnb.com/rooms/43202800?previous_page_section_name=1000&federated_search_id=be538910-7508-44cb-a5d8-f86897dc0c0d,70.1095461658842
1-bedroom Holiday Cabin 1km from Adelaide CBD,Entire guest suite in Hackney,"['6 guests', '1 bedroom', '5 beds', '1 bath', 'Free parking', 'Kitchen', 'Air conditioning', 'Wifi']",rating,https://www.airbnb.com/rooms/53243252?previous_page_section_name=1000&federated_search_id=be538910-7508-44cb-a5d8-f86897dc0c0d,88.57589984350548
Studio on Sussex,Entire rental unit in North Adelaide,"['2 guests', 'Studio', '1 bed', '1 bath', 'Kitchen', 'Air conditioning', 'Wifi']",4.92 (12 reviews),https://www.airbnb.com/rooms/40626572?previous_page_section_name=1000&federated_search_id=be538910-7508-44cb-a5d8-f86897dc0c0d,57.74647887323944
Stylish Home@CBD⛩Chinatown✔Parking✔Gym✔City View,Entire rental unit in Adelaide,"['5 guests', '2 bedrooms', '2 beds', '2 baths', 'Free parking', 'Kitchen', 'Air conditioning', 'Wifi']",4.86 (28 reviews),https://www.airbnb.com/rooms/48664179?previous_page_section_name=1000&federated_search_id=be538910-7508-44cb-a5d8-f86897dc0c0d,136.93270735524257
Frome St Studio Apt - Balcony + Kitchenette + WiFi,Entire rental unit in Adelaide,"['2 guests', 'Studio', '1 bed', '1 bath', 'Air conditioning', 'Wifi']",4.63 (8 reviews),https://www.airbnb.com/rooms/47036751?previous_page_section_name=1000&federated_search_id=9210ec1f-c5a7-4e0e-8c38-d0e564b8d7b2,74.80438184663537
Indulgent living in CBD New Apt. WestFranklin,Entire rental unit in Adelaide,"['4 guests', '2 bedrooms', '3 beds', '2 baths', 'Free parking', 'Kitchen', 'Air conditioning', 'Wifi']",4.85 (47 reviews),https://www.airbnb.com/rooms/40905113?previous_page_section_name=1000&federated_search_id=9210ec1f-c5a7-4e0e-8c38-d0e564b8d7b2,112.67605633802818
Jane's Place,Entire townhouse in Adelaide,"['6 guests', '2 bedrooms', '2 beds', '1.5 baths', 'Free parking', 'Kitchen', 'Air conditioning']",4.63 (122 reviews),https://www.airbnb.com/rooms/25784938?previous_page_section_name=1000&federated_search_id=9210ec1f-c5a7-4e0e-8c38-d0e564b8d7b2,98.74804381846636
Your Delight✔Sky line✔Luxury✔Chinatown✔Gym✔Parking,Entire rental unit in Adelaide,"['4 guests', '2 bedrooms', '2 beds', '2 baths', 'Free parking', 'Kitchen', 'Air conditioning', 'Wifi']",4.69 (32 reviews),https://www.airbnb.com/rooms/48613697?previous_page_section_name=1000&federated_search_id=9210ec1f-c5a7-4e0e-8c38-d0e564b8d7b2,138.96713615023475
Star of Central Franklin✈Gym✔Swimming Pool✔NBN,Entire rental unit in Adelaide,"['3 guests', '1 bedroom', '1 bed', '1 bath', 'Kitchen', 'Air conditioning', 'Wifi']",4.75 (51 reviews),https://www.airbnb.com/rooms/40354416?previous_page_section_name=1000&federated_search_id=9210ec1f-c5a7-4e0e-8c38-d0e564b8d7b2,101.25195618153366
Brand New luxury South Terrace No.05,Entire rental unit in Adelaide,"['2 guests', '1 bedroom', '1 bed', '1 bath', 'Kitchen', 'Air conditioning', 'Wifi']",4.80 (70 reviews),https://www.airbnb.com/rooms/35015538?previous_page_section_name=1000&federated_search_id=9210ec1f-c5a7-4e0e-8c38-d0e564b8d7b2,71.67449139280126
Pearl of Central✬Sauna✔Gym✔Pool✔Netflix✔Cinema✔NBN,Entire rental unit in Adelaide,"['2 guests', 'Studio', '1 bed', '1 bath', 'Free parking', 'Kitchen', 'Air conditioning', 'Wifi']",4.84 (152 reviews),https://www.airbnb.com/rooms/35769516?previous_page_section_name=1000&federated_search_id=9210ec1f-c5a7-4e0e-8c38-d0e564b8d7b2,112.51956181533647
Frome St Studio Apt - Balcony + Kitchenette + WiFi,Entire rental unit in Adelaide,"['2 guests', 'Studio', '1 bed', '1 bath', 'Air conditioning', 'Wifi']",4.17 (6 reviews),https://www.airbnb.com/rooms/47036522?previous_page_section_name=1000&federated_search_id=9210ec1f-c5a7-4e0e-8c38-d0e564b8d7b2,78.40375586854461
Adelaide Petite Suite overlooking parklands,Entire guest suite in Adelaide,"['3 guests', '1 bedroom', '2 beds', '1 bath', 'Air conditioning', 'Wifi']",4.88 (8 reviews),https://www.airbnb.com/rooms/48173958?previous_page_section_name=1000&federated_search_id=9210ec1f-c5a7-4e0e-8c38-d0e564b8d7b2,71.20500782472614
The Mile End Den. Just a stroll to the city ...,Entire guesthouse in Mile End,"['2 guests', 'Studio', '1 bed', '1 bath', 'Free parking', 'Kitchen', 'Air conditioning', 'Wifi']",4.90 (107 reviews),https://www.airbnb.com/rooms/34844463?previous_page_section_name=1000&federated_search_id=9210ec1f-c5a7-4e0e-8c38-d0e564b8d7b2,56.33802816901409
Brand New luxury South Terrace No.03,Entire rental unit in Adelaide,"['4 guests', '2 bedrooms', '2 beds', '1 bath', 'Free parking', 'Kitchen', 'Air conditioning', 'Wifi']",4.95 (20 reviews),https://www.airbnb.com/rooms/46144914?previous_page_section_name=1000&federated_search_id=9210ec1f-c5a7-4e0e-8c38-d0e564b8d7b2,75.5868544600939
CBD Square View 1-Bedroom Apt With Free Parking #1,Entire rental unit in Adelaide,"['3 guests', '1 bedroom', '1 bed', '1 bath', 'Free parking', 'Kitchen', 'Air conditioning', 'Wifi']",4.78 (49 reviews),https://www.airbnb.com/rooms/39808939?previous_page_section_name=1000&federated_search_id=9210ec1f-c5a7-4e0e-8c38-d0e564b8d7b2,144.60093896713616
Adelaide City - Art Apartment,Entire rental unit in Adelaide,"['3 guests', '2 bedrooms', '2 beds', '1 bath', 'Free parking', 'Kitchen', 'Air conditioning', 'Wifi']",4.85 (81 reviews),https://www.airbnb.com/rooms/32940117?previous_page_section_name=1000&federated_search_id=9210ec1f-c5a7-4e0e-8c38-d0e564b8d7b2,90.45383411580595
Scandi-Style Loft Close to Cosmopolitan Norwood Parade,Entire loft in Trinity Gardens,"['2 guests', 'Studio', '1 bed', '1 bath', 'Free parking', 'Kitchen', 'Air conditioning', 'Wifi']",4.98 (160 reviews),https://www.airbnb.com/rooms/plus/31808273?previous_page_section_name=1000&federated_search_id=9210ec1f-c5a7-4e0e-8c38-d0e564b8d7b2,69.17057902973396
The Lion Cottage: Choose T.L.C.,Entire cottage in North Adelaide,"['2 guests', '1 bedroom', '1 bed', '1 bath', 'Kitchen', 'Air conditioning', 'Wifi']",4.86 (79 reviews),https://www.airbnb.com/rooms/1646927?previous_page_section_name=1000&federated_search_id=9210ec1f-c5a7-4e0e-8c38-d0e564b8d7b2,124.72613458528951
Stylish apartment close to Chinatown-Car Park✔WIFI,Entire rental unit in Adelaide,"['4 guests', '2 bedrooms', '2 beds', '1 bath', 'Free parking', 'Kitchen', 'Air conditioning', 'Wifi']",4.65 (94 reviews),https://www.airbnb.com/rooms/36855333?previous_page_section_name=1000&federated_search_id=9210ec1f-c5a7-4e0e-8c38-d0e564b8d7b2,107.82472613458529
"Modern CBD with cozy, quiet and secure living",Entire rental unit in Adelaide,"['4 guests', '1 bedroom', '1 bed', '1 bath', 'Kitchen', 'Air conditioning', 'Wifi']",4.79 (146 reviews),https://www.airbnb.com/rooms/17353800?previous_page_section_name=1000&federated_search_id=9210ec1f-c5a7-4e0e-8c38-d0e564b8d7b2,75.4303599374022
Stunning CBD 1 BR Apartment With City View - V411S,Entire rental unit in Adelaide,"['2 guests', '1 bedroom', '1 bed', '1 bath', 'Kitchen', 'Air conditioning', 'Wifi']",5.0 (5 reviews),https://www.airbnb.com/rooms/46093618?previous_page_section_name=1000&federated_search_id=9210ec1f-c5a7-4e0e-8c38-d0e564b8d7b2,96.24413145539907
Centrally located apartment,Entire rental unit in Adelaide,"['2 guests', '1 bedroom', '1 bed', '1 bath', 'Free parking', 'Kitchen', 'Air conditioning', 'Wifi']",4.50 (256 reviews),https://www.airbnb.com/rooms/6008072?previous_page_section_name=1000&federated_search_id=9210ec1f-c5a7-4e0e-8c38-d0e564b8d7b2,77.62128325508607
Adelaide CBD East End Fringe/Womad,Entire rental unit in Adelaide,"['4 guests', '2 bedrooms', '3 beds', '1 bath', 'Kitchen', 'Air conditioning', 'Wifi']",4.84 (80 reviews),https://www.airbnb.com/rooms/39784436?previous_page_section_name=1000&federated_search_id=9210ec1f-c5a7-4e0e-8c38-d0e564b8d7b2,127.23004694835682
"York Luxury- sleeps 6, free park, city centre!",Entire rental unit in Adelaide,"['6 guests', '2 bedrooms', '3 beds', '1 bath', 'Free parking', 'Kitchen', 'Air conditioning', 'Wifi']",4.75 (277 reviews),https://www.airbnb.com/rooms/16558225?previous_page_section_name=1000&federated_search_id=fbfddaa1-47e6-4ffe-96de-07ac26a58fb8,74.33489827856026
Luxury Boutique One Bedroom Studio Apartment,Entire rental unit in Torrensville,"['2 guests', '1 bedroom', '1 bed', '1 bath', 'Free parking', 'Kitchen', 'Air conditioning', 'Wifi']",4.86 (57 reviews),https://www.airbnb.com/rooms/44251281?previous_page_section_name=1000&federated_search_id=fbfddaa1-47e6-4ffe-96de-07ac26a58fb8,61.03286384976526
Brand New luxury South Terrace No.01,Entire rental unit in Adelaide,"['4 guests', '2 bedrooms', '2 beds', '1 bath', 'Free parking', 'Kitchen', 'Air conditioning', 'Wifi']",4.85 (92 reviews),https://www.airbnb.com/rooms/38388531?previous_page_section_name=1000&federated_search_id=fbfddaa1-47e6-4ffe-96de-07ac26a58fb8,77.62128325508607
"Modern, beautifully furnished, very clean home.",Private room in Unley,"['2 guests', '1 bedroom', '1 bed', '1 private bath', 'Free parking', 'Kitchen', 'Air conditioning', 'Wifi']",5.0 (43 reviews),https://www.airbnb.com/rooms/39209540?previous_page_section_name=1000&federated_search_id=fbfddaa1-47e6-4ffe-96de-07ac26a58fb8,67.76212832550861
Adelaide CBD Gem,Entire rental unit in Adelaide,"['4 guests', '2 bedrooms', '2 beds', '2 baths', 'Free parking', 'Kitchen', 'Air conditioning', 'Wifi']",4.82 (11 reviews),https://www.airbnb.com/rooms/49744121?previous_page_section_name=1000&federated_search_id=fbfddaa1-47e6-4ffe-96de-07ac26a58fb8,91.8622848200313
Walk to Central Market✶Parking✔GYM&POOL opened✔,Entire rental unit in Adelaide,"['5 guests', '2 bedrooms', '2 beds', '2 baths', 'Free parking', 'Kitchen', 'Air conditioning', 'Wifi']",4.57 (49 reviews),https://www.airbnb.com/rooms/46075265?previous_page_section_name=1000&federated_search_id=fbfddaa1-47e6-4ffe-96de-07ac26a58fb8,139.43661971830986
Enchanting at Rowlands✔Central Mkt✔Cityview✔Wifi,Entire rental unit in Adelaide,"['4 guests', '2 bedrooms', '2 beds', '2 baths', 'Kitchen', 'Air conditioning', 'Wifi']",5.0 (8 reviews),https://www.airbnb.com/rooms/51892262?previous_page_section_name=1000&federated_search_id=fbfddaa1-47e6-4ffe-96de-07ac26a58fb8,128.79499217527388
Brand New luxury South Terrace No.16,Entire rental unit in Adelaide,"['2 guests', '1 bedroom', '1 bed', '1 bath', 'Kitchen', 'Air conditioning', 'Wifi']",4.80 (5 reviews),https://www.airbnb.com/rooms/49759573?previous_page_section_name=1000&federated_search_id=fbfddaa1-47e6-4ffe-96de-07ac26a58fb8,76.99530516431925
208b - Frome St Studio Apartment - Balcony+Wi-Fi!,Entire rental unit in Adelaide,"['2 guests', 'Studio', '1 bed', '1 bath', 'Air conditioning', 'Wifi']",4.83 (6 reviews),https://www.airbnb.com/rooms/48854052?previous_page_section_name=1000&federated_search_id=fbfddaa1-47e6-4ffe-96de-07ac26a58fb8,74.80438184663537
Stunning CBD 1BR Apartment With a Balcony - V213,Entire rental unit in Adelaide,"['3 guests', '1 bedroom', '1 bed', '1 bath', 'Kitchen', 'Air conditioning', 'Wifi']",4.75 (88 reviews),https://www.airbnb.com/rooms/21303454?previous_page_section_name=1000&federated_search_id=fbfddaa1-47e6-4ffe-96de-07ac26a58fb8,89.0453834115806
LUXE ABODE VICTORIA SQ CENTRAL MARKET FREE PARKING,Entire townhouse in Adelaide,"['6 guests', '3 bedrooms', '5 beds', '2 baths', 'Free parking', 'Kitchen', 'Air conditioning', 'Wifi']",4.77 (284 reviews),https://www.airbnb.com/rooms/9701414?previous_page_section_name=1000&federated_search_id=fbfddaa1-47e6-4ffe-96de-07ac26a58fb8,126.44757433489829
Studio Apartment,Entire serviced apartment in Adelaide,"['2 guests', '1 bedroom', '1 bed', '1 bath', 'Kitchen', 'Air conditioning', 'Wifi']",4.21 (19 reviews),https://www.airbnb.com/rooms/11283382?previous_page_section_name=1000&federated_search_id=fbfddaa1-47e6-4ffe-96de-07ac26a58fb8,7124.4131455399065
"Modern, urban apartment in vibrant district",Entire rental unit in Hyde Park,"['2 guests', '1 bedroom', '1 bed', '1 bath', 'Free parking', 'Kitchen', 'Air conditioning', 'Wifi']",4.86 (28 reviews),https://www.airbnb.com/rooms/40429211?previous_page_section_name=1000&federated_search_id=fbfddaa1-47e6-4ffe-96de-07ac26a58fb8,67.76212832550861
Golf Course Views!,Entire loft in North Adelaide,"['2 guests', 'Studio', '1 bed', '1 bath', 'Kitchen', 'Air conditioning']",4.79 (101 reviews),https://www.airbnb.com/rooms/17514714?previous_page_section_name=1000&federated_search_id=fbfddaa1-47e6-4ffe-96de-07ac26a58fb8,50.07824726134586
"Light, spacious luxury apartment with awesome view",Entire rental unit in Adelaide,"['6 guests', '2 bedrooms', '3 beds', '2 baths', 'Free parking', 'Kitchen', 'Air conditioning', 'Wifi']",4.74 (66 reviews),https://www.airbnb.com/rooms/31580472?previous_page_section_name=1000&federated_search_id=fbfddaa1-47e6-4ffe-96de-07ac26a58fb8,118.622848200313
Daisy on Grote★Pool&Gym★Central Mkt★NBN,Entire rental unit in Adelaide,"['4 guests', '2 bedrooms', '2 beds', '1 bath', 'Kitchen', 'Air conditioning', 'Wifi']",4.47 (38 reviews),https://www.airbnb.com/rooms/42895193?previous_page_section_name=1000&federated_search_id=fbfddaa1-47e6-4ffe-96de-07ac26a58fb8,123.16118935837247
Warehouse Apartment,Entire rental unit in Kensington,"['2 guests', '1 bedroom', '1 bed', '1 bath', 'Kitchen', 'Wifi']",4.87 (213 reviews),https://www.airbnb.com/rooms/88260?previous_page_section_name=1000&federated_search_id=fbfddaa1-47e6-4ffe-96de-07ac26a58fb8,78.40375586854461
"Paradise in the Sky - Views, Luxury and Location!",Entire rental unit in Adelaide,"['6 guests', '2 bedrooms', '4 beds', '2 baths', 'Free parking', 'Kitchen', 'Air conditioning', 'Wifi']",4.94 (174 reviews),https://www.airbnb.com/rooms/32020437?previous_page_section_name=1000&federated_search_id=fbfddaa1-47e6-4ffe-96de-07ac26a58fb8,134.42879499217528
Pearl on Grote★Pool&Gym✔︎Central Mkt✔︎Parking,Entire rental unit in Adelaide,"['4 guests', '2 bedrooms', '2 beds', '2 baths', 'Free parking', 'Kitchen', 'Air conditioning', 'Wifi']",4.76 (37 reviews),https://www.airbnb.com/rooms/49215032?previous_page_section_name=1000&federated_search_id=fbfddaa1-47e6-4ffe-96de-07ac26a58fb8,161.8153364632238
"York Magnificent Apartment, Free parking, modern",Entire rental unit in Bowden,"['6 guests', '2 bedrooms', '3 beds', '2 baths', 'Free parking', 'Kitchen', 'Air conditioning', 'Wifi']",4.91 (188 reviews),https://www.airbnb.com/rooms/17075065?previous_page_section_name=1000&federated_search_id=fbfddaa1-47e6-4ffe-96de-07ac26a58fb8,80.9076682316119
Swainson at Vue - Pool & Gym Open!,Entire rental unit in Adelaide,"['4 guests', '1 bedroom', '2 beds', '1 bath', 'Free parking', 'Kitchen', 'Air conditioning', 'Wifi']",4.62 (178 reviews),https://www.airbnb.com/rooms/22309600?previous_page_section_name=1000&federated_search_id=589e7c32-8e73-4543-98f3-06742345a882,165.2582159624413
Splendid Apartment in Adelaide CBD,Entire rental unit in Adelaide,"['5 guests', '2 bedrooms', '2 beds', '2 baths', 'Free parking', 'Kitchen', 'Air conditioning', 'Wifi']",4.76 (77 reviews),https://www.airbnb.com/rooms/3678871?previous_page_section_name=1000&federated_search_id=589e7c32-8e73-4543-98f3-06742345a882,130.04694835680752
"Stylish North Adelaide apartment, walk to the Oval",Entire rental unit in North Adelaide,"['3 guests', '1 bedroom', '2 beds', '1 bath', 'Free parking', 'Kitchen', 'Air conditioning', 'Wifi']",4.80 (49 reviews),https://www.airbnb.com/rooms/31680233?previous_page_section_name=1000&federated_search_id=589e7c32-8e73-4543-98f3-06742345a882,86.0719874804382
❤Dear home❤2BR Pool✔Sauna✔Wifi✔CBD✔Restaurant✔Bar,Entire rental unit in Adelaide,"['4 guests', '2 bedrooms', '2 beds', '1 bath', 'Kitchen', 'Air conditioning', 'Wifi']",4.63 (38 reviews),https://www.airbnb.com/rooms/48700793?previous_page_section_name=1000&federated_search_id=589e7c32-8e73-4543-98f3-06742345a882,113.92801251956182
Renovated cottage in CBD with Backyard!,Entire residential home in Adelaide,"['4 guests', '1 bedroom', '1 bed', '1 bath', 'Kitchen', 'Air conditioning', 'Wifi']",4.83 (212 reviews),https://www.airbnb.com/rooms/9478599?previous_page_section_name=1000&federated_search_id=589e7c32-8e73-4543-98f3-06742345a882,158.8419405320814
Cosy courtyard home (double bed),Private room in Glandore,"['2 guests', '1 bedroom', '1 bed', '1 private bath', 'Kitchen', 'Air conditioning', 'Wifi']",4.84 (448 reviews),https://www.airbnb.com/rooms/355403?previous_page_section_name=1000&federated_search_id=589e7c32-8e73-4543-98f3-06742345a882,36.77621283255086
Slow Pace in City ♫ Wifi✔Parking✔Coffeeshop✔,Entire townhouse in Adelaide,"['5 guests', '2 bedrooms', '2 beds', '1 bath', 'Free parking', 'Kitchen', 'Air conditioning', 'Wifi']",4.19 (59 reviews),https://www.airbnb.com/rooms/41565194?previous_page_section_name=1000&federated_search_id=589e7c32-8e73-4543-98f3-06742345a882,113.92801251956182
Brand New luxury South Terrace No.26,Entire rental unit in Adelaide,"['2 guests', '1 bedroom', '1 bed', '1 bath', 'Kitchen', 'Air conditioning', 'Wifi']",4.90 (30 reviews),https://www.airbnb.com/rooms/45882778?previous_page_section_name=1000&federated_search_id=589e7c32-8e73-4543-98f3-06742345a882,71.67449139280126
Sunshine☼2-bed Apt |Central of CBD| POOL&GYM OPEN,Entire rental unit in Adelaide,"['5 guests', '2 bedrooms', '2 beds', '2 baths', 'Kitchen', 'Air conditioning', 'Wifi']",4.67 (57 reviews),https://www.airbnb.com/rooms/44020182?previous_page_section_name=1000&federated_search_id=589e7c32-8e73-4543-98f3-06742345a882,129.10798122065728
"Frome St Apartments - Wi-Fi, Kitchenette, Balcony",Entire rental unit in Adelaide,"['2 guests', 'Studio', '1 bed', '1 bath', 'Air conditioning', 'Wifi']",5.0 (8 reviews),https://www.airbnb.com/rooms/47032416?previous_page_section_name=1000&federated_search_id=589e7c32-8e73-4543-98f3-06742345a882,78.40375586854461
Therrrich Stunning 1BR CBD Apartment with balcony,Entire rental unit in Adelaide,"['3 guests', '1 bedroom', '1 bed', '1 bath', 'Kitchen', 'Air conditioning', 'Wifi']",4.79 (85 reviews),https://www.airbnb.com/rooms/23291826?previous_page_section_name=1000&federated_search_id=589e7c32-8e73-4543-98f3-06742345a882,74.80438184663537
TAO - Surflen Luxury ♠黑桃睡梦馆 —— 轻奢·赛芙蓉,Entire rental unit in Adelaide,"['4 guests', '2 bedrooms', '3 beds', '2 baths', 'Free parking', 'Kitchen', 'Air conditioning', 'Wifi']",4.38 (119 reviews),https://www.airbnb.com/rooms/31401627?previous_page_section_name=1000&federated_search_id=589e7c32-8e73-4543-98f3-06742345a882,112.51956181533647
Project BNB at the VUE★ADELAIDE HILLS VIEWS + GYM + POOL★,Entire rental unit in Adelaide,"['2 guests', '1 bedroom', '1 bed', '1 bath', 'Kitchen', 'Air conditioning', 'Wifi']",4.65 (23 reviews),https://www.airbnb.com/rooms/50387831?previous_page_section_name=1000&federated_search_id=589e7c32-8e73-4543-98f3-06742345a882,106.88575899843507
★Central on 7th☆ CBD; Just read the reviews!,Entire rental unit in Adelaide,"['4 guests', '2 bedrooms', '2 beds', '2 baths', 'Kitchen', 'Air conditioning', 'Wifi']",4.90 (196 reviews),https://www.airbnb.com/rooms/15013669?previous_page_section_name=1000&federated_search_id=589e7c32-8e73-4543-98f3-06742345a882,142.56651017214398
#7 Easy Breezy Leafy - apartment retreat,Entire rental unit in Norwood,"['2 guests', '1 bedroom', '1 bed', '1 bath', 'Free parking', 'Kitchen', 'Air conditioning', 'Wifi']",rating,https://www.airbnb.com/rooms/23633116?previous_page_section_name=1000&federated_search_id=589e7c32-8e73-4543-98f3-06742345a882,62.754303599374026
GLORIOUS BALCONY VIEWS OF ADELAIDE OVAL & THE CBD!,Entire rental unit in North Adelaide,"['4 guests', '2 bedrooms', '2 beds', '2 baths', 'Free parking', 'Kitchen', 'Air conditioning', 'Wifi']",4.83 (179 reviews),https://www.airbnb.com/rooms/21080684?previous_page_section_name=1000&federated_search_id=589e7c32-8e73-4543-98f3-06742345a882,104.85133020344288
Botanic Gardens Apartment- Prime City Location,Entire rental unit in Adelaide,"['2 guests', '1 bedroom', '1 bed', '1 bath', 'Kitchen', 'Air conditioning', 'Wifi']",4.93 (41 reviews),https://www.airbnb.com/rooms/41485186?previous_page_section_name=1000&federated_search_id=589e7c32-8e73-4543-98f3-06742345a882,135.36776212832552
Stunning CBD 1 BR Apartment With a View - V813,Entire rental unit in Adelaide,"['2 guests', '1 bedroom', '1 bath', 'Kitchen', 'Air conditioning', 'Wifi']",4.69 (13 reviews),https://www.airbnb.com/rooms/46715823?previous_page_section_name=1000&federated_search_id=589e7c32-8e73-4543-98f3-06742345a882,89.0453834115806
Central Market Cottage: urban retreat,Entire cottage in Adelaide,"['4 guests', '2 bedrooms', '2 beds', '1 bath', 'Free parking', 'Kitchen', 'Air conditioning', 'Wifi']",4.83 (46 reviews),https://www.airbnb.com/rooms/27837598?previous_page_section_name=1000&federated_search_id=589e7c32-8e73-4543-98f3-06742345a882,122.69170579029735
Adelaide City Centre Gem,Entire rental unit in Adelaide,"['2 guests', '1 bedroom', '1 bed', '1 bath', 'Free parking', 'Kitchen', 'Air conditioning', 'Wifi']",4.85 (13 reviews),https://www.airbnb.com/rooms/42004894?previous_page_section_name=1000&federated_search_id=589e7c32-8e73-4543-98f3-06742345a882,96.87010954616589
Studio 18 Premium Studio Apartment,Entire rental unit in North Adelaide,"['2 guests', 'Studio', '1 bed', '1 bath', 'Free parking', 'Kitchen', 'Air conditioning', 'Wifi']",4.94 (94 reviews),https://www.airbnb.com/rooms/6954560?previous_page_section_name=1000&federated_search_id=8f227754-f87f-480f-834d-d7576e4219d0,70.57902973395932
★Archer St ❤ of North Adelaide★Balcony★65”TV★,Entire rental unit in North Adelaide,"['4 guests', '2 bedrooms', '2 beds', '2 baths', 'Free parking', 'Kitchen', 'Air conditioning', 'Wifi']",4.97 (32 reviews),https://www.airbnb.com/rooms/49888042?previous_page_section_name=1000&federated_search_id=8f227754-f87f-480f-834d-d7576e4219d0,138.1846635367762
Tindy’s City Pad,Entire rental unit in Adelaide,"['6 guests', '2 bedrooms', '4 beds', '1 bath', 'Free parking', 'Kitchen', 'Air conditioning', 'Wifi']",4.80 (213 reviews),https://www.airbnb.com/rooms/22193584?previous_page_section_name=1000&federated_search_id=8f227754-f87f-480f-834d-d7576e4219d0,71.04851330203444
Spacious One Bed Apartment in central Adelaide,Entire serviced apartment in Adelaide,"['2 guests', '1 bedroom', '1 bed', '1 bath', 'Kitchen', 'Air conditioning', 'Wifi']",4.0 (65 reviews),https://www.airbnb.com/rooms/41539512?previous_page_section_name=1000&federated_search_id=8f227754-f87f-480f-834d-d7576e4219d0,177.46478873239437
"City Oasis-Central, Secure and Quiet",Entire rental unit in Adelaide,"['2 guests', '1 bedroom', '1 bed', '1 bath', 'Kitchen', 'Air conditioning', 'Wifi']",4.96 (45 reviews),https://www.airbnb.com/rooms/20140307?previous_page_section_name=1000&federated_search_id=8f227754-f87f-480f-834d-d7576e4219d0,86.0719874804382
Citi Terrace Apartment with amazing views.,Entire rental unit in Adelaide,"['4 guests', '1 bedroom', '1 bed', '1 bath', 'Free parking', 'Kitchen', 'Air conditioning', 'Wifi']",4.94 (222 reviews),https://www.airbnb.com/rooms/17244394?previous_page_section_name=1000&federated_search_id=8f227754-f87f-480f-834d-d7576e4219d0,92.64475743348983
Vibrant East End★Rundle Mall/St✔North Tce✔CBD,Entire rental unit in Adelaide,"['5 guests', '2 bedrooms', '3 beds', '1 bath', 'Kitchen', 'Air conditioning', 'Wifi']",4.28 (128 reviews),https://www.airbnb.com/rooms/32458068?previous_page_section_name=1000&federated_search_id=8f227754-f87f-480f-834d-d7576e4219d0,105.63380281690141
Sparkle on Bohem☆Free carpark✔Pool✔Restaurant✔Bar✔,Entire rental unit in Adelaide,"['4 guests', '2 bedrooms', '2 beds', '1 bath', 'Free parking', 'Kitchen', 'Air conditioning', 'Wifi']",4.78 (9 reviews),https://www.airbnb.com/rooms/50273022?previous_page_section_name=1000&federated_search_id=8f227754-f87f-480f-834d-d7576e4219d0,132.8638497652582
Brand New luxury South Terrace No.23,Entire rental unit in Adelaide,"['2 guests', '1 bedroom', '2 beds', '1 bath', 'Kitchen', 'Air conditioning', 'Wifi']",4.89 (19 reviews),https://www.airbnb.com/rooms/45996264?previous_page_section_name=1000&federated_search_id=8f227754-f87f-480f-834d-d7576e4219d0,76.68231611893584
Homey Apt Amazing Views ✔Location✔Elegant✔ Parking,Entire rental unit in Adelaide,"['4 guests', '2 bedrooms', '2 beds', '2 baths', 'Free parking', 'Kitchen', 'Air conditioning', 'Wifi']",4.71 (63 reviews),https://www.airbnb.com/rooms/45223637?previous_page_section_name=1000&federated_search_id=8f227754-f87f-480f-834d-d7576e4219d0,161.34585289514868
Frome Street Studio- Balcony + Kitchenette!!,Entire rental unit in Adelaide,"['2 guests', 'Studio', '1 bed', '1 bath', 'Kitchen', 'Air conditioning', 'Wifi']",rating,https://www.airbnb.com/rooms/46949186?previous_page_section_name=1000&federated_search_id=8f227754-f87f-480f-834d-d7576e4219d0,78.40375586854461
city central by market oval & river,Entire guesthouse in Adelaide,"['2 guests', '1 bedroom', '1 bed', '1 bath', 'Kitchen', 'Air conditioning', 'Wifi']",4.36 (238 reviews),https://www.airbnb.com/rooms/8175212?previous_page_section_name=1000&federated_search_id=8f227754-f87f-480f-834d-d7576e4219d0,78.40375586854461
Room close to the CBD. Clean and bright.,Private room in Ridleyton,"['2 guests', '1 bedroom', '1 bed', '1 private bath', 'Kitchen', 'Wifi']",4.66 (33 reviews),https://www.airbnb.com/rooms/21177467?previous_page_section_name=1000&federated_search_id=8f227754-f87f-480f-834d-d7576e4219d0,32.081377151799686
"Pet friendly, secure, accessible easy living",Entire residential home in Bowden,"['4 guests', '2 bedrooms', '2 beds', '1 bath', 'Free parking', 'Kitchen', 'Air conditioning', 'Wifi']",4.96 (46 reviews),https://www.airbnb.com/rooms/39999519?previous_page_section_name=1000&federated_search_id=8f227754-f87f-480f-834d-d7576e4219d0,103.75586854460094
"Stylish apartment, superb location WiFi",Entire rental unit in Adelaide,"['3 guests', '1 bedroom', '2 beds', '1 bath', 'Kitchen', 'Air conditioning', 'Wifi']",4.92 (97 reviews),https://www.airbnb.com/rooms/21600389?previous_page_section_name=1000&federated_search_id=8f227754-f87f-480f-834d-d7576e4219d0,75.8998435054773
Studio Apartment,Entire rental unit in Walkerville,"['2 guests', 'Studio', '1 bed', '1 bath', 'Kitchen', 'Air conditioning']",4.86 (58 reviews),https://www.airbnb.com/rooms/45549340?previous_page_section_name=1000&federated_search_id=8f227754-f87f-480f-834d-d7576e4219d0,46.47887323943662
★Serendipity on Gouger★2BR Staycation✔Markets✔Wifi,Entire rental unit in Adelaide,"['4 guests', '2 bedrooms', '2 beds', '1 bath', 'Kitchen', 'Air conditioning', 'Wifi']",4.78 (140 reviews),https://www.airbnb.com/rooms/26203315?previous_page_section_name=1000&federated_search_id=8f227754-f87f-480f-834d-d7576e4219d0,141.31455399061034
East End CBD Apt-2 Beds+free parking,Entire rental unit in Adelaide,"['6 guests', '2 bedrooms', '3 beds', '1 bath', 'Free parking', 'Kitchen', 'Air conditioning', 'Wifi']",4.79 (90 reviews),https://www.airbnb.com/rooms/2447622?previous_page_section_name=1000&federated_search_id=8f227754-f87f-480f-834d-d7576e4219d0,94.67918622848201
★Tropicana on Bent★✔2BR Staycation✔CBD✔Free Wifi,Entire rental unit in Adelaide,"['5 guests', '2 bedrooms', '3 beds', '1 bath', 'Kitchen', 'Air conditioning', 'Wifi']",4.47 (106 reviews),https://www.airbnb.com/rooms/31958527?previous_page_section_name=1000&federated_search_id=8f227754-f87f-480f-834d-d7576e4219d0,123.78716744913929
Amazing Cityview🏙POOL&Gym open!★Spacious 2Bed Apt,Entire rental unit in Adelaide,"['5 guests', '2 bedrooms', '2 beds', '2 baths', 'Kitchen', 'Air conditioning', 'Wifi']",4.81 (32 reviews),https://www.airbnb.com/rooms/42894735?previous_page_section_name=1000&federated_search_id=8f227754-f87f-480f-834d-d7576e4219d0,131.61189358372457
Cosy Apartment on Quiet Street in Unley,Entire rental unit in Unley,"['4 guests', '1 bedroom', '1 bed', '1 bath', 'Kitchen', 'Air conditioning', 'Wifi']",4.85 (115 reviews),https://www.airbnb.com/rooms/plus/21792271?previous_page_section_name=1000&federated_search_id=40644f34-d5f5-4b67-908a-2a38269291a4,59.62441314553991
High Level Two Bedroom Apartment with Free Parking,Entire rental unit in Adelaide,"['4 guests', '2 bedrooms', '2 beds', '1 bath', 'Free parking', 'Kitchen', 'Air conditioning', 'Wifi']",4.50 (10 reviews),https://www.airbnb.com/rooms/38450197?previous_page_section_name=1000&federated_search_id=40644f34-d5f5-4b67-908a-2a38269291a4,106.88575899843507
★The Hamptons on East Pallant★✔Nespresso✔Cosy,Entire rental unit in North Adelaide,"['2 guests', 'Studio', '1 bed', '1 bath', 'Kitchen', 'Air conditioning']",4.57 (68 reviews),https://www.airbnb.com/rooms/45536846?previous_page_section_name=1000&federated_search_id=40644f34-d5f5-4b67-908a-2a38269291a4,87.79342723004696
Adelaide City Historic Botanic Apartment,Entire rental unit in Adelaide,"['4 guests', '1 bedroom', '2 beds', '1 bath', 'Free parking', 'Kitchen', 'Air conditioning', 'Wifi']",4.96 (138 reviews),https://www.airbnb.com/rooms/21331059?previous_page_section_name=1000&federated_search_id=40644f34-d5f5-4b67-908a-2a38269291a4,89.0453834115806
City Living Modern Studio,Entire rental unit in Adelaide,"['2 guests', '1 bedroom', '1 bed', '1 bath', 'Air conditioning', 'Wifi']",4.59 (123 reviews),https://www.airbnb.com/rooms/47111538?previous_page_section_name=1000&federated_search_id=40644f34-d5f5-4b67-908a-2a38269291a4,77.62128325508607
Nice and quiet City town house,Private room in Adelaide,"['1 guest', '3 bedrooms', '2 beds', '1.5 shared baths', 'Kitchen', 'Air conditioning', 'Wifi']",rating,https://www.airbnb.com/rooms/42075613?previous_page_section_name=1000&federated_search_id=40644f34-d5f5-4b67-908a-2a38269291a4,25.66510172143975
"Homely, Stylish, Secure and Super Convenient!",Entire rental unit in Adelaide,"['4 guests', '2 bedrooms', '2 beds', '1 bath', 'Kitchen', 'Air conditioning', 'Wifi']",5.0 (3 reviews),https://www.airbnb.com/rooms/53155681?previous_page_section_name=1000&federated_search_id=40644f34-d5f5-4b67-908a-2a38269291a4,119.56181533646323
Stunning CBD Studio Apartment With a View - V906,Entire rental unit in Adelaide,"['3 guests', '1 bedroom', '1 bed', '1 bath', 'Kitchen', 'Air conditioning', 'Wifi']",4.67 (83 reviews),https://www.airbnb.com/rooms/20642332?previous_page_section_name=1000&federated_search_id=40644f34-d5f5-4b67-908a-2a38269291a4,89.0453834115806
Brand New luxury South Terrace No.15,Entire rental unit in Adelaide,"['2 guests', '1 bedroom', '1 bed', '1 bath', 'Kitchen', 'Air conditioning', 'Wifi']",4.75 (12 reviews),https://www.airbnb.com/rooms/48610536?previous_page_section_name=1000&federated_search_id=40644f34-d5f5-4b67-908a-2a38269291a4,74.80438184663537
Unwind in the City★Cafe and bar & Large Balcony,Entire rental unit in Adelaide,"['2 guests', '1 bedroom', '1 bed', '1 bath', 'Kitchen', 'Air conditioning', 'Wifi']",4.80 (5 reviews),https://www.airbnb.com/rooms/52374911?previous_page_section_name=1000&federated_search_id=40644f34-d5f5-4b67-908a-2a38269291a4,98.74804381846636
Stunning CBD 1 BR Apartment With a View - V414,Entire rental unit in Adelaide,"['2 guests', '1 bedroom', '1 bed', '1 bath', 'Kitchen', 'Air conditioning', 'Wifi']",4.85 (47 reviews),https://www.airbnb.com/rooms/23096388?previous_page_section_name=1000&federated_search_id=40644f34-d5f5-4b67-908a-2a38269291a4,89.0453834115806
Prime Location on Rundle St(FREE WiFi ＆PARKING),Entire rental unit in Adelaide,"['4 guests', '2 bedrooms', '2 beds', '1 bath', 'Free parking', 'Kitchen', 'Air conditioning', 'Wifi']",4.60 (173 reviews),https://www.airbnb.com/rooms/22679806?previous_page_section_name=1000&federated_search_id=40644f34-d5f5-4b67-908a-2a38269291a4,62.754303599374026
Evergreen on Wright★FamilyFriendly✔Wifi✔2 En suite,Entire townhouse in Adelaide,"['5 guests', '2 bedrooms', '2 beds', '2.5 baths', 'Free parking', 'Kitchen', 'Air conditioning', 'Wifi']",4.61 (28 reviews),https://www.airbnb.com/rooms/49278056?previous_page_section_name=1000&federated_search_id=40644f34-d5f5-4b67-908a-2a38269291a4,144.60093896713616
"Private room, own bathroom in luxury CBD apartment",Private room in Adelaide,"['1 guest', '1 bedroom', '1 bed', '1 private bath', 'Kitchen', 'Air conditioning', 'Wifi']",4.94 (18 reviews),https://www.airbnb.com/rooms/48533418?previous_page_section_name=1000&federated_search_id=40644f34-d5f5-4b67-908a-2a38269291a4,56.33802816901409
GUEST HOUSE lovely garden close AIRPORT CITY SEA,Entire guesthouse in Marleston,"['2 guests', '1 bedroom', '1 bed', '1 bath', 'Free parking', 'Kitchen', 'Air conditioning', 'Wifi']",4.96 (150 reviews),https://www.airbnb.com/rooms/20311979?previous_page_section_name=1000&federated_search_id=40644f34-d5f5-4b67-908a-2a38269291a4,60.563380281690144
Modern & homely - inner fringe with free parking,Entire rental unit in Kent Town,"['3 guests', '2 bedrooms', '2 beds', '1 bath', 'Free parking', 'Kitchen', 'Air conditioning', 'Wifi']",4.63 (32 reviews),https://www.airbnb.com/rooms/42591656?previous_page_section_name=1000&federated_search_id=40644f34-d5f5-4b67-908a-2a38269291a4,87.94992175273866
Number 10,Entire cottage in Adelaide,"['4 guests', '1 bedroom', '3 beds', '1.5 baths', 'Free parking', 'Kitchen', 'Air conditioning', 'Wifi']",4.97 (58 reviews),https://www.airbnb.com/rooms/22572346?previous_page_section_name=1000&federated_search_id=40644f34-d5f5-4b67-908a-2a38269291a4,137.4021909233177
Brand New luxury South Terrace No.10,Entire rental unit in Adelaide,"['4 guests', '2 bedrooms', '2 beds', '1 bath', 'Free parking', 'Kitchen', 'Air conditioning', 'Wifi']",4.70 (73 reviews),https://www.airbnb.com/rooms/39733026?previous_page_section_name=1000&federated_search_id=40644f34-d5f5-4b67-908a-2a38269291a4,92.33176838810643
★Above The Square★1BR Staycation✔CBD✔Wifi✔Parking,Entire rental unit in Adelaide,"['4 guests', '1 bedroom', '2 beds', '1 bath', 'Free parking', 'Kitchen', 'Air conditioning', 'Wifi']",4.66 (120 reviews),https://www.airbnb.com/rooms/37844312?previous_page_section_name=1000&federated_search_id=40644f34-d5f5-4b67-908a-2a38269291a4,147.88732394366198
North Adelaide loft apartment,Entire condominium (condo) in North Adelaide,"['4 guests', '2 bedrooms', '2 beds', '1 bath', 'Kitchen', 'Air conditioning', 'Wifi']",4.30 (127 reviews),https://www.airbnb.com/rooms/3469745?previous_page_section_name=1000&federated_search_id=40644f34-d5f5-4b67-908a-2a38269291a4,105.79029733959312
Home Away From Home (Best Views In Adelaide)🥇,Entire rental unit in Adelaide,"['4 guests', '2 bedrooms', '2 beds', '2 baths', 'Kitchen', 'Air conditioning', 'Wifi']",4.65 (57 reviews),https://www.airbnb.com/rooms/36713597?previous_page_section_name=1000&federated_search_id=8a60508e-ce1a-48d1-b63f-95490f6d94da,140.84507042253523
Meredith's-Charming 4 rooms+Hutt St.+parking+bikes,Entire guest suite in Adelaide,"['4 guests', '2 bedrooms', '2 beds', '1 bath', 'Free parking', 'Kitchen', 'Air conditioning', 'Wifi']",4.92 (144 reviews),https://www.airbnb.com/rooms/2421686?previous_page_section_name=1000&federated_search_id=8a60508e-ce1a-48d1-b63f-95490f6d94da,78.40375586854461
No better place in Adelaide for your stay.,Private room in North Adelaide,"['2 guests', '1 bedroom', '1 bed', '1 private bath', 'Free parking', 'Kitchen', 'Air conditioning', 'Wifi']",4.99 (82 reviews),https://www.airbnb.com/rooms/17895193?previous_page_section_name=1000&federated_search_id=8a60508e-ce1a-48d1-b63f-95490f6d94da,45.539906103286384
Midway between city and beach near the airport,Private room in Cowandilla,"['1 guest', '1 bedroom', '1 shared bath', 'Free parking', 'Kitchen', 'Wifi']",4.57 (37 reviews),https://www.airbnb.com/rooms/48262949?previous_page_section_name=1000&federated_search_id=8a60508e-ce1a-48d1-b63f-95490f6d94da,28.482003129890455
★Oval View on North Tce★1BR Staycation✔︎CBD✔︎Wifi,Entire rental unit in Adelaide,"['4 guests', '1 bedroom', '2 beds', '1 bath', 'Kitchen', 'Air conditioning', 'Wifi']",4.66 (80 reviews),https://www.airbnb.com/rooms/37334986?previous_page_section_name=1000&federated_search_id=8a60508e-ce1a-48d1-b63f-95490f6d94da,134.7417840375587
Walk to Major Events from Courtyard Apartment,Entire rental unit in North Adelaide,"['2 guests', '1 bedroom', '1 bed', '1 bath', 'Free parking', 'Kitchen', 'Air conditioning', 'Wifi']",4.93 (203 reviews),https://www.airbnb.com/rooms/plus/2161170?previous_page_section_name=1000&federated_search_id=8a60508e-ce1a-48d1-b63f-95490f6d94da,110.48513302034429
Clean and quiet house in Chinatown,Private room in Adelaide,"['1 guest', '2 bedrooms', '1 bed', '1.5 shared baths', 'Kitchen', 'Air conditioning', 'Wifi']",4.43 (7 reviews),https://www.airbnb.com/rooms/46440276?previous_page_section_name=1000&federated_search_id=8a60508e-ce1a-48d1-b63f-95490f6d94da,34.89827856025039
CBD. 1 Bed Apt. free parking &free swim pool &Wifi,Entire serviced apartment in Adelaide,"['4 guests', '1 bedroom', '3 beds', '1.5 baths', 'Free parking', 'Kitchen', 'Air conditioning', 'Wifi']",4.58 (40 reviews),https://www.airbnb.com/rooms/45074327?previous_page_section_name=1000&federated_search_id=8a60508e-ce1a-48d1-b63f-95490f6d94da,98.27856025039124
★Canopy @ 44★Minutes from the CBD✔︎Train✔︎Cafes✔︎,Entire rental unit in Ovingham,"['4 guests', '2 bedrooms', '2 beds', '1 bath', 'Free parking', 'Kitchen', 'Air conditioning', 'Wifi']",4.74 (113 reviews),https://www.airbnb.com/rooms/24807130?previous_page_section_name=1000&federated_search_id=8a60508e-ce1a-48d1-b63f-95490f6d94da,113.302034428795
Brand New luxury South Terrace No.18♥Netflix,Entire rental unit in Adelaide,"['4 guests', '2 bedrooms', '2 beds', '1 bath', 'Free parking', 'Kitchen', 'Air conditioning', 'Wifi']",4.82 (120 reviews),https://www.airbnb.com/rooms/32141654?previous_page_section_name=1000&federated_search_id=8a60508e-ce1a-48d1-b63f-95490f6d94da,86.0719874804382
Adorable on Gouger★CBD Location✔Chinatown✔NBN WiFi,Entire rental unit in Adelaide,"['2 guests', '1 bedroom', '1 bed', '1 bath', 'Kitchen', 'Air conditioning', 'Wifi']",4.05 (40 reviews),https://www.airbnb.com/rooms/39869482?previous_page_section_name=1000&federated_search_id=8a60508e-ce1a-48d1-b63f-95490f6d94da,82.47261345852895
Brand New luxury South Terrace No.20,Entire rental unit in Adelaide,"['4 guests', '2 bedrooms', '2 beds', '1 bath', 'Free parking', 'Kitchen', 'Air conditioning', 'Wifi']",4.83 (30 reviews),https://www.airbnb.com/rooms/46056333?previous_page_section_name=1000&federated_search_id=8a60508e-ce1a-48d1-b63f-95490f6d94da,77.62128325508607
Stunning CBD Studio Apartment With a View - V707,Entire rental unit in Adelaide,"['3 guests', 'Studio', '2 beds', '1 bath', 'Kitchen', 'Air conditioning', 'Wifi']",4.79 (156 reviews),https://www.airbnb.com/rooms/15402800?previous_page_section_name=1000&federated_search_id=8a60508e-ce1a-48d1-b63f-95490f6d94da,89.0453834115806
Stunning Red Building | Pool&Gym Open Now!!,Entire rental unit in Adelaide,"['5 guests', '2 bedrooms', '3 beds', '2 baths', 'Kitchen', 'Air conditioning', 'Wifi']",4.65 (60 reviews),https://www.airbnb.com/rooms/44020514?previous_page_section_name=1000&federated_search_id=8a60508e-ce1a-48d1-b63f-95490f6d94da,119.56181533646323
"Luxury City Escape, Family, Romance, WIFI, Netflix",Entire townhouse in Adelaide,"['8 guests', '3 bedrooms', '5 beds', '1.5 baths', 'Free parking', 'Kitchen', 'Air conditioning', 'Wifi']",4.85 (210 reviews),https://www.airbnb.com/rooms/30377025?previous_page_section_name=1000&federated_search_id=8a60508e-ce1a-48d1-b63f-95490f6d94da,117.68388106416276
★Shadows on Gouger★2BR Staycation✔Parking✔Wifi,Entire rental unit in Adelaide,"['4 guests', '2 bedrooms', '2 beds', '2 baths', 'Free parking', 'Kitchen', 'Air conditioning', 'Wifi']",4.58 (55 reviews),https://www.airbnb.com/rooms/45706531?previous_page_section_name=1000&federated_search_id=8a60508e-ce1a-48d1-b63f-95490f6d94da,148.04381846635368
Deluxe Penthouse Great City View Free Parking #4,Entire rental unit in Adelaide,"['6 guests', '2 bedrooms', '4 beds', '1 bath', 'Free parking', 'Kitchen', 'Air conditioning', 'Wifi']",4.38 (65 reviews),https://www.airbnb.com/rooms/34157290?previous_page_section_name=1000&federated_search_id=8a60508e-ce1a-48d1-b63f-95490f6d94da,113.92801251956182
~ Divine Den Bedroom ~,Private room in Mile End,"['2 guests', '1 bedroom', '1 bed', '1.5 shared baths', 'Free parking', 'Kitchen', 'Air conditioning', 'Wifi']",5.0 (28 reviews),https://www.airbnb.com/rooms/6661100?previous_page_section_name=1000&federated_search_id=8a60508e-ce1a-48d1-b63f-95490f6d94da,40.21909233176839
✪Paradiso on Bent✪✔︎2BR Staycation✔︎CBD✔︎Free Wifi,Entire rental unit in Adelaide,"['5 guests', '2 bedrooms', '2 beds', '1 bath', 'Free parking', 'Kitchen', 'Air conditioning', 'Wifi']",4.60 (152 reviews),https://www.airbnb.com/rooms/29011978?previous_page_section_name=1000&federated_search_id=8a60508e-ce1a-48d1-b63f-95490f6d94da,127.54303599374022
Devon Park - super close to North Adelaide (2),Private room in Devon Park,"['2 guests', '1 bedroom', '1 bed', '1 shared bath', 'Kitchen', 'Air conditioning', 'Wifi']",4.77 (26 reviews),https://www.airbnb.com/rooms/38344859?previous_page_section_name=1000&federated_search_id=8a60508e-ce1a-48d1-b63f-95490f6d94da,34.27230046948357
Taffy on Realm ✩ RundleMall✔Pool&Gym✔EasyLifestyle,Entire condominium (condo) in Adelaide,"['2 guests', '1 bedroom', '1 bed', '1 bath', 'Kitchen', 'Air conditioning', 'Wifi']",rating,https://www.airbnb.com/rooms/53481197?previous_page_section_name=1000&federated_search_id=b9e07db6-2fce-4325-afed-26ec58bdf8c6,127.69953051643193
Nth Adelaide Studio Apt With Reverse Cycle Aircon,Entire rental unit in North Adelaide,"['2 guests', '1 bedroom', '1 bed', '1 bath', 'Air conditioning', 'Wifi']",4.86 (14 reviews),https://www.airbnb.com/rooms/45397211?previous_page_section_name=1000&federated_search_id=b9e07db6-2fce-4325-afed-26ec58bdf8c6,86.69796557120502
West Franklin Luxury City Apartment,Entire rental unit in Adelaide,"['5 guests', '2 bedrooms', '2 beds', '2 baths', 'Free parking', 'Kitchen', 'Air conditioning', 'Wifi']",4.83 (6 reviews),https://www.airbnb.com/rooms/46408777?previous_page_section_name=1000&federated_search_id=b9e07db6-2fce-4325-afed-26ec58bdf8c6,123.16118935837247
Parkland Views from Sunny Apartment Terrace,Entire rental unit in North Adelaide,"['4 guests', '2 bedrooms', '3 beds', '2 baths', 'Free parking', 'Kitchen', 'Air conditioning', 'Wifi']",4.74 (144 reviews),https://www.airbnb.com/rooms/plus/18062180?previous_page_section_name=1000&federated_search_id=b9e07db6-2fce-4325-afed-26ec58bdf8c6,104.69483568075118
East End Adelaide - Bent St Apartment+Free carpark,Entire rental unit in Adelaide,"['4 guests', '2 bedrooms', '2 beds', '1 bath', 'Free parking', 'Kitchen', 'Air conditioning', 'Wifi']",4.75 (115 reviews),https://www.airbnb.com/rooms/16946070?previous_page_section_name=1000&federated_search_id=b9e07db6-2fce-4325-afed-26ec58bdf8c6,93.11424100156495
FULLY FURNISHED APARTMENT3: 7 MINS TO ADELAIDE CBD,Entire serviced apartment in Parkside,"['4 guests', '1 bedroom', '4 beds', '1 bath', 'Free parking', 'Kitchen', 'Air conditioning', 'Wifi']",4.86 (14 reviews),https://www.airbnb.com/rooms/33780677?previous_page_section_name=1000&federated_search_id=b9e07db6-2fce-4325-afed-26ec58bdf8c6,99.6870109546166
"Spacious, Central, Adelaide CBD, Privacy",Entire rental unit in Adelaide,"['3 guests', '1 bedroom', '2 beds', '1 bath', 'Kitchen', 'Air conditioning', 'Wifi']",4.78 (46 reviews),https://www.airbnb.com/rooms/42210941?previous_page_section_name=1000&federated_search_id=b9e07db6-2fce-4325-afed-26ec58bdf8c6,53.834115805946794
Adelaide CBD High-Rise Apartment,Entire rental unit in Adelaide,"['4 guests', '2 bedrooms', '2 beds', '2 baths', 'Kitchen', 'Air conditioning', 'Wifi']",4.83 (12 reviews),https://www.airbnb.com/rooms/50139316?previous_page_section_name=1000&federated_search_id=b9e07db6-2fce-4325-afed-26ec58bdf8c6,154.77308294209703
CBD Deluxe Studio Penthouse with Square View #3,Entire rental unit in Adelaide,"['2 guests', 'Studio', '1 bed', '1 bath', 'Free parking', 'Kitchen', 'Air conditioning', 'Wifi']",4.58 (12 reviews),https://www.airbnb.com/rooms/33203803?previous_page_section_name=1000&federated_search_id=b9e07db6-2fce-4325-afed-26ec58bdf8c6,86.69796557120502
♚LUXE 3 Beds Penthouse for family♚Pool✓Parking✓NBN,Entire rental unit in Adelaide,"['6 guests', '3 bedrooms', '3 beds', '2 baths', 'Free parking', 'Kitchen', 'Air conditioning', 'Wifi']",4.71 (52 reviews),https://www.airbnb.com/rooms/42895414?previous_page_section_name=1000&federated_search_id=b9e07db6-2fce-4325-afed-26ec58bdf8c6,179.18622848200314
"Award Winning Graffiti Mural, chic 2 bedroom Loft",Entire loft in Adelaide,"['4 guests', '2 bedrooms', '2 beds', '2 baths', 'Free parking', 'Kitchen', 'Air conditioning', 'Wifi']",4.90 (10 reviews),https://www.airbnb.com/rooms/51674083?previous_page_section_name=1000&federated_search_id=b9e07db6-2fce-4325-afed-26ec58bdf8c6,170.73552425665102
Brand New luxury South Terrace No.11,Entire rental unit in Adelaide,"['4 guests', '2 bedrooms', '2 beds', '1 bath', 'Free parking', 'Kitchen', 'Air conditioning', 'Wifi']",4.88 (34 reviews),https://www.airbnb.com/rooms/47707165?previous_page_section_name=1000&federated_search_id=b9e07db6-2fce-4325-afed-26ec58bdf8c6,81.37715179968701
Spacious Apartment Living with City View,Entire rental unit in North Adelaide,"['4 guests', '2 bedrooms', '2 beds', '2 baths', 'Free parking', 'Kitchen', 'Air conditioning', 'Wifi']",4.71 (102 reviews),https://www.airbnb.com/rooms/26109780?previous_page_section_name=1000&federated_search_id=b9e07db6-2fce-4325-afed-26ec58bdf8c6,103.75586854460094
Stunning CBD 1 BR Apartment With a View - V502,Entire rental unit in Adelaide,"['2 guests', '1 bedroom', '1 bed', '1 bath', 'Kitchen', 'Air conditioning', 'Wifi']",4.20 (5 reviews),https://www.airbnb.com/rooms/23096383?previous_page_section_name=1000&federated_search_id=b9e07db6-2fce-4325-afed-26ec58bdf8c6,89.0453834115806
Deluxe Penthouse Great City View Free Parking #2,Entire rental unit in Adelaide,"['6 guests', '2 bedrooms', '4 beds', '1 bath', 'Free parking', 'Kitchen', 'Air conditioning', 'Wifi']",4.70 (38 reviews),https://www.airbnb.com/rooms/32856523?previous_page_section_name=1000&federated_search_id=b9e07db6-2fce-4325-afed-26ec58bdf8c6,117.99687010954617
Brand New luxury South Terrace No.02,Entire rental unit in Adelaide,"['4 guests', '2 bedrooms', '2 beds', '1 bath', 'Free parking', 'Kitchen', 'Air conditioning', 'Wifi']",4.79 (43 reviews),https://www.airbnb.com/rooms/43499805?previous_page_section_name=1000&federated_search_id=b9e07db6-2fce-4325-afed-26ec58bdf8c6,76.68231611893584
★Infinity on Morphett★1BR Staycation✔Wifi✔Pool✔CBD,Entire rental unit in Adelaide,"['4 guests', '1 bedroom', '2 beds', '1 bath', 'Kitchen', 'Air conditioning', 'Wifi']",4.50 (115 reviews),https://www.airbnb.com/rooms/27141347?previous_page_section_name=1000&federated_search_id=b9e07db6-2fce-4325-afed-26ec58bdf8c6,131.7683881064163
The City Escape - Rundle Mall + Secured Car Park,Entire rental unit in Adelaide,"['6 guests', '2 bedrooms', '2 beds', '1 bath', 'Free parking', 'Kitchen', 'Air conditioning', 'Wifi']",4.65 (17 reviews),https://www.airbnb.com/rooms/46855988?previous_page_section_name=1000&federated_search_id=b9e07db6-2fce-4325-afed-26ec58bdf8c6,101.09546165884194
★Floral on Frew★2BR Staycation✔CBD✔Netflix✔WiFi,Entire rental unit in Adelaide,"['4 guests', '2 bedrooms', '2 beds', '1 bath', 'Kitchen', 'Air conditioning', 'Wifi']",4.83 (52 reviews),https://www.airbnb.com/rooms/40734613?previous_page_section_name=1000&federated_search_id=b9e07db6-2fce-4325-afed-26ec58bdf8c6,139.28012519561815
Experience style and comfort at “The Bowery”,Entire rental unit in Bowden,"['3 guests', '1 bedroom', '1 bed', '1 bath', 'Kitchen', 'Air conditioning', 'Wifi']",rating,https://www.airbnb.com/rooms/50249985?previous_page_section_name=1000&federated_search_id=b9e07db6-2fce-4325-afed-26ec58bdf8c6,67.91862284820031
Private Garden Poolhouse Retreat Adelaide,Entire guesthouse in Parkside,"['2 guests', '1 bedroom', '1 bed', '1 bath', 'Kitchen', 'Air conditioning', 'Wifi']",4.93 (199 reviews),https://www.airbnb.com/rooms/12457791?previous_page_section_name=1000&federated_search_id=fda7c5ae-4cf9-454c-8d94-a77e01f453a3,64.47574334898279
❤️City Apartment 'Nesuto'❤️ WiFi + Shared Parking,Entire rental unit in Adelaide,"['4 guests', 'Studio', '2 beds', '1 bath', 'Free parking', 'Kitchen', 'Air conditioning', 'Wifi']",4.50 (4 reviews),https://www.airbnb.com/rooms/40949183?previous_page_section_name=1000&federated_search_id=fda7c5ae-4cf9-454c-8d94-a77e01f453a3,90.14084507042254
5 ⭐ Luxury Adelaide City Pad⚡Heated Pool⚡Spa⚡Sauna,Entire rental unit in Adelaide,"['2 guests', '1 bedroom', '1 bed', '1.5 baths', 'Kitchen', 'Air conditioning', 'Wifi']",4.88 (17 reviews),https://www.airbnb.com/rooms/36676584?previous_page_section_name=1000&federated_search_id=fda7c5ae-4cf9-454c-8d94-a77e01f453a3,122.37871674491393
Rose Cottage in the heart of North Adelaide,Entire residential home in North Adelaide,"['4 guests', '2 bedrooms', '2 beds', '1 bath', 'Kitchen', 'Air conditioning', 'Wifi']",4.84 (109 reviews),https://www.airbnb.com/rooms/28393304?previous_page_section_name=1000&federated_search_id=fda7c5ae-4cf9-454c-8d94-a77e01f453a3,113.302034428795
CBD West Modern Apt✔Parking✔Wifi✔Chinatown,Entire rental unit in Adelaide,"['4 guests', '2 bedrooms', '2 beds', '2 baths', 'Free parking', 'Kitchen', 'Air conditioning', 'Wifi']",4.60 (15 reviews),https://www.airbnb.com/rooms/48663623?previous_page_section_name=1000&federated_search_id=fda7c5ae-4cf9-454c-8d94-a77e01f453a3,112.9890453834116
Adelaide holiday cottage,Entire cottage in Adelaide,"['5 guests', '2 bedrooms', '4 beds', '1 bath', 'Kitchen', 'Air conditioning', 'Wifi']",4.74 (172 reviews),https://www.airbnb.com/rooms/8928300?previous_page_section_name=1000&federated_search_id=fda7c5ae-4cf9-454c-8d94-a77e01f453a3,131.61189358372457
"Cosy, Central, Cute & Comfortable Cottage",Entire townhouse in Kent Town,"['2 guests', '1 bedroom', '1 bed', '1 bath', 'Free parking', 'Kitchen', 'Air conditioning', 'Wifi']",4.85 (40 reviews),https://www.airbnb.com/rooms/19078347?previous_page_section_name=1000&federated_search_id=fda7c5ae-4cf9-454c-8d94-a77e01f453a3,79.96870109546167
★The View at Realm★Wifi✔︎Pool✔︎Gym✔︎Sauna✔︎Spa,Entire rental unit in Adelaide,"['2 guests', '1 bedroom', '1 bath', 'Kitchen', 'Air conditioning', 'Wifi']",4.60 (15 reviews),https://www.airbnb.com/rooms/50832828?previous_page_section_name=1000&federated_search_id=fda7c5ae-4cf9-454c-8d94-a77e01f453a3,151.7996870109546
Brand New luxury South Terrace No.09,Entire rental unit in Adelaide,"['4 guests', '2 bedrooms', '2 beds', '1 bath', 'Free parking', 'Kitchen', 'Air conditioning', 'Wifi']",4.88 (58 reviews),https://www.airbnb.com/rooms/39063615?previous_page_section_name=1000&federated_search_id=fda7c5ae-4cf9-454c-8d94-a77e01f453a3,90.29733959311424
Adelaide CBD Apartment On Rundle St & North Tce,Entire rental unit in Adelaide,"['4 guests', '1 bedroom', '3 beds', '1 bath', 'Kitchen', 'Air conditioning', 'Wifi']",4.78 (138 reviews),https://www.airbnb.com/rooms/16092430?previous_page_section_name=1000&federated_search_id=fda7c5ae-4cf9-454c-8d94-a77e01f453a3,75.8998435054773
"Double Ensuite Room - Central, Modern and Comfy",Private room in Adelaide,"['2 guests', '1 bedroom', '1 bed', '1 private bath', 'Kitchen', 'Wifi']",4.84 (122 reviews),https://www.airbnb.com/rooms/5308792?previous_page_section_name=1000&federated_search_id=fda7c5ae-4cf9-454c-8d94-a77e01f453a3,53.364632237871675
Contemporary on Franklin✈Business✔Gym✔Pool✔Wifi,Entire rental unit in Adelaide,"['5 guests', '3 bedrooms', '3 beds', '2 baths', 'Kitchen', 'Air conditioning', 'Wifi']",4.71 (17 reviews),https://www.airbnb.com/rooms/50626554?previous_page_section_name=1000&federated_search_id=fda7c5ae-4cf9-454c-8d94-a77e01f453a3,151.6431924882629
"Luxury, Award-Nominated Heritage Cottage",Entire cottage in Adelaide,"['4 guests', '2 bedrooms', '2 beds', '2 baths', 'Kitchen', 'Air conditioning', 'Wifi']",4.93 (275 reviews),https://www.airbnb.com/rooms/plus/9438714?previous_page_section_name=1000&federated_search_id=fda7c5ae-4cf9-454c-8d94-a77e01f453a3,110.48513302034429
★Nirvana on Gray★2BR Staycation✔︎Wifi✔︎Netflix,Entire rental unit in Adelaide,"['6 guests', '2 bedrooms', '3 beds', '1.5 baths', 'Free parking', 'Kitchen', 'Air conditioning', 'Wifi']",4.58 (88 reviews),https://www.airbnb.com/rooms/31366764?previous_page_section_name=1000&federated_search_id=fda7c5ae-4cf9-454c-8d94-a77e01f453a3,134.11580594679188
lovely townhouse with queen bed and balcony,Private room in Kent Town,"['2 guests', '1 bedroom', '1 bed', '1.5 shared baths', 'Free parking', 'Kitchen', 'Air conditioning']",4.75 (24 reviews),https://www.airbnb.com/rooms/40742701?previous_page_section_name=1000&federated_search_id=fda7c5ae-4cf9-454c-8d94-a77e01f453a3,35.0547730829421
"Bright and Airy 3br Townhouse, Stephens St in CBD",Entire residential home in Adelaide,"['8 guests', '3 bedrooms', '5 beds', '2 baths', 'Free parking', 'Kitchen', 'Air conditioning', 'Wifi']",4.97 (283 reviews),https://www.airbnb.com/rooms/16306747?previous_page_section_name=1000&federated_search_id=fda7c5ae-4cf9-454c-8d94-a77e01f453a3,165.88419405320815
East End Adelaide Apartment CBD,Entire rental unit in Adelaide,"['4 guests', '2 bedrooms', '2 beds', '1 bath', 'Free parking', 'Kitchen', 'Air conditioning', 'Wifi']",4.98 (104 reviews),https://www.airbnb.com/rooms/7231281?previous_page_section_name=1000&federated_search_id=fda7c5ae-4cf9-454c-8d94-a77e01f453a3,110.17214397496087
Wherever ye Hale,Entire rental unit in Everard Park,"['4 guests', '2 bedrooms', '3 beds', '1 bath', 'Free parking', 'Kitchen', 'Air conditioning', 'Wifi']",4.87 (129 reviews),https://www.airbnb.com/rooms/30723510?previous_page_section_name=1000&federated_search_id=fda7c5ae-4cf9-454c-8d94-a77e01f453a3,58.05946791862285
Cottage 60A (Part of Harriett's),Entire townhouse in Adelaide,"['3 guests', '1 bedroom', '1 bed', '1 bath', 'Kitchen', 'Air conditioning', 'Wifi']",4.84 (32 reviews),https://www.airbnb.com/rooms/10732676?previous_page_section_name=1000&federated_search_id=fda7c5ae-4cf9-454c-8d94-a77e01f453a3,106.10328638497653
Adelaides Little Hidden Gem,Entire rental unit in Glenside,"['2 guests', '1 bedroom', '1 bed', '1 bath', 'Free parking', 'Kitchen', 'Air conditioning', 'Wifi']",4.79 (113 reviews),https://www.airbnb.com/rooms/21440947?previous_page_section_name=1000&federated_search_id=fda7c5ae-4cf9-454c-8d94-a77e01f453a3,71.98748043818466
Swainson on Balfours,Entire rental unit in Adelaide,"['4 guests', '1 bedroom', '1 bed', '1 bath', 'Free parking', 'Kitchen', 'Air conditioning', 'Wifi']",3.67 (3 reviews),https://www.airbnb.com/rooms/50497832?previous_page_section_name=1000&federated_search_id=4eed8b50-82ac-4fab-a75b-42b057dba4c8,143.1924882629108
Luxury Family Home in great location (Room 3),Private room in Thorngate,"['2 guests', '1 bedroom', '1 bed', '2 shared baths', 'Free parking', 'Kitchen', 'Air conditioning', 'Wifi']",4.93 (14 reviews),https://www.airbnb.com/rooms/48257813?previous_page_section_name=1000&federated_search_id=4eed8b50-82ac-4fab-a75b-42b057dba4c8,67.13615023474179
Modern Central China town Home - Free Carpark,Entire residential home in Adelaide,"['5 guests', '2 bedrooms', '2 beds', '1.5 baths', 'Free parking', 'Kitchen', 'Air conditioning', 'Wifi']",4.90 (50 reviews),https://www.airbnb.com/rooms/38147137?previous_page_section_name=1000&federated_search_id=4eed8b50-82ac-4fab-a75b-42b057dba4c8,115.17996870109546
East ender,Entire townhouse in Adelaide,"['6 guests', '2 bedrooms', '3 beds', '1.5 baths', 'Free parking', 'Kitchen', 'Air conditioning', 'Wifi']",rating,https://www.airbnb.com/rooms/43573255?previous_page_section_name=1000&federated_search_id=4eed8b50-82ac-4fab-a75b-42b057dba4c8,79.81220657276995
The Carrington Retreat,Entire residential home in Adelaide,"['5 guests', '2 bedrooms', '4 beds', '1 bath', 'Free parking', 'Kitchen', 'Air conditioning', 'Wifi']",4.95 (129 reviews),https://www.airbnb.com/rooms/16608971?previous_page_section_name=1000&federated_search_id=4eed8b50-82ac-4fab-a75b-42b057dba4c8,106.88575899843507
Freshly Renovated Retreat in Beautiful Parkside,Entire loft in Parkside,"['2 guests', '1 bedroom', '1 bed', '1 bath', 'Free parking', 'Kitchen', 'Air conditioning', 'Wifi']",4.89 (110 reviews),https://www.airbnb.com/rooms/33642321?previous_page_section_name=1000&federated_search_id=4eed8b50-82ac-4fab-a75b-42b057dba4c8,103.75586854460094
Horizons 1402,Entire rental unit in Adelaide,"['4 guests', '2 bedrooms', '2 beds', '1 bath', 'Kitchen', 'Air conditioning', 'Wifi']",4.83 (24 reviews),https://www.airbnb.com/rooms/41623493?previous_page_section_name=1000&federated_search_id=4eed8b50-82ac-4fab-a75b-42b057dba4c8,206.72926447574335
Swainson on Synagogue,Entire rental unit in Adelaide,"['6 guests', '2 bedrooms', '3 beds', '1 bath', 'Free parking', 'Kitchen', 'Air conditioning', 'Wifi']",4.36 (136 reviews),https://www.airbnb.com/rooms/23789914?previous_page_section_name=1000&federated_search_id=4eed8b50-82ac-4fab-a75b-42b057dba4c8,151.0172143974961
Adelaide City Cottage.,Entire cottage in Adelaide,"['5 guests', '1 bedroom', '3 beds', '1 bath', 'Kitchen', 'Air conditioning', 'Wifi']",4.88 (141 reviews),https://www.airbnb.com/rooms/9598963?previous_page_section_name=1000&federated_search_id=4eed8b50-82ac-4fab-a75b-42b057dba4c8,120.03129890453835
M&M's on Carrington *WiFi*Netflix*Parking*Quiet*,Entire rental unit in Adelaide,"['4 guests', '2 bedrooms', '2 beds', '2 baths', 'Free parking', 'Kitchen', 'Air conditioning', 'Wifi']",4.87 (54 reviews),https://www.airbnb.com/rooms/32508446?previous_page_section_name=1000&federated_search_id=4eed8b50-82ac-4fab-a75b-42b057dba4c8,75.5868544600939
Modern 2Bed City Apartment w/Carpark - Waymouth St,Entire rental unit in Adelaide,"['4 guests', '2 bedrooms', '4 beds', '1 bath', 'Free parking', 'Kitchen', 'Air conditioning', 'Wifi']",4.91 (101 reviews),https://www.airbnb.com/rooms/21582622?previous_page_section_name=1000&federated_search_id=4eed8b50-82ac-4fab-a75b-42b057dba4c8,107.981220657277
Majestic Old Lion - 1 BR Apartment,Entire serviced apartment in North Adelaide,"['3 guests', '1 bedroom', '2 beds', '1 bath', 'Kitchen', 'Air conditioning', 'Wifi']",4.78 (58 reviews),https://www.airbnb.com/rooms/43260606?previous_page_section_name=1000&federated_search_id=4eed8b50-82ac-4fab-a75b-42b057dba4c8,152.42566510172145
East End Delight!,Entire rental unit in Adelaide,"['2 guests', '1 bedroom', '1 bed', '1 bath', 'Kitchen', 'Air conditioning']",4.75 (12 reviews),https://www.airbnb.com/rooms/48271121?previous_page_section_name=1000&federated_search_id=4eed8b50-82ac-4fab-a75b-42b057dba4c8,57.74647887323944
Picture Book Cottage-Norwood-Close to CBD,Entire cottage in Norwood,"['2 guests', '1 bedroom', '1 bed', '1.5 baths', 'Kitchen', 'Air conditioning', 'Wifi']",4.96 (74 reviews),https://www.airbnb.com/rooms/22623491?previous_page_section_name=1000&federated_search_id=4eed8b50-82ac-4fab-a75b-42b057dba4c8,121.12676056338029
Contemporary 2 bdrm home in the heart of Adelaide,Entire vacation home in Adelaide,"['4 guests', '2 bedrooms', '2 beds', '2 baths', 'Free parking', 'Kitchen', 'Air conditioning', 'Wifi']",rating,https://www.airbnb.com/rooms/52763654?previous_page_section_name=1000&federated_search_id=4eed8b50-82ac-4fab-a75b-42b057dba4c8,89.0453834115806
★A Cut Above The West★3BR Staycation✔︎Pool✔︎Gym,Entire rental unit in Adelaide,"['6 guests', '3 bedrooms', '3 beds', '2 baths', 'Free parking', 'Kitchen', 'Air conditioning', 'Wifi']",4.86 (135 reviews),https://www.airbnb.com/rooms/33169800?previous_page_section_name=1000&federated_search_id=4eed8b50-82ac-4fab-a75b-42b057dba4c8,216.90140845070422
❤️3bdrm City Apt @ Cecil Mansions❤️ WiFi + Parking,Entire rental unit in Kent Town,"['6 guests', '3 bedrooms', '3 beds', '1 bath', 'Free parking', 'Kitchen', 'Air conditioning', 'Wifi']",4.91 (11 reviews),https://www.airbnb.com/rooms/30512300?previous_page_section_name=1000&federated_search_id=4eed8b50-82ac-4fab-a75b-42b057dba4c8,96.24413145539907
"Fully Furnished SB Room, near Airport, Town, Beach",Private room in Kurralta Park,"['1 guest', '1 bedroom', '1 bed', '1 shared bath', 'Free parking', 'Kitchen', 'Air conditioning', 'Wifi']",4.95 (19 reviews),https://www.airbnb.com/rooms/33164340?previous_page_section_name=1000&federated_search_id=4eed8b50-82ac-4fab-a75b-42b057dba4c8,28.951486697965574
Stunning Executive Penthouse,Entire rental unit in Adelaide,"['6 guests', '3 bedrooms', '3 beds', '2 baths', 'Free parking', 'Kitchen', 'Air conditioning', 'Wifi']",4.74 (86 reviews),https://www.airbnb.com/rooms/15221878?previous_page_section_name=1000&federated_search_id=4eed8b50-82ac-4fab-a75b-42b057dba4c8,246.32237871674494
Bright & Stylish Cottage in Adelaide CBD,Entire residential home in Adelaide,"['6 guests', '2 bedrooms', '2 beds', '1 bath', 'Free parking', 'Kitchen', 'Air conditioning', 'Wifi']",4.91 (296 reviews),https://www.airbnb.com/rooms/10965274?previous_page_section_name=1000&federated_search_id=4eed8b50-82ac-4fab-a75b-42b057dba4c8,103.75586854460094
★Sage on Bewes★ ✔CBD✔Parking✔Nespresso,Entire rental unit in Adelaide,"['4 guests', '2 bedrooms', '2 beds', '1 bath', 'Free parking', 'Kitchen', 'Air conditioning', 'Wifi']",rating,https://www.airbnb.com/rooms/52801839?previous_page_section_name=1000&federated_search_id=9b54aa80-df0c-4ca8-8cfc-680fb536af00,118.30985915492958
Adelaide’s Hidden Gem. City on your Doorstep!,Entire rental unit in Glenside,"['2 guests', '1 bedroom', '1 bed', '1 bath', 'Free parking', 'Kitchen', 'Air conditioning', 'Wifi']",4.78 (89 reviews),https://www.airbnb.com/rooms/30023446?previous_page_section_name=1000&federated_search_id=9b54aa80-df0c-4ca8-8cfc-680fb536af00,67.76212832550861
Frome St Studio Apartments - Kitchenette+Balcony!,Entire rental unit in Adelaide,"['2 guests', 'Studio', '1 bed', '1 bath', 'Kitchen', 'Air conditioning', 'Wifi']",3.75 (4 reviews),https://www.airbnb.com/rooms/46737500?previous_page_section_name=1000&federated_search_id=9b54aa80-df0c-4ca8-8cfc-680fb536af00,74.80438184663537
Swainson on Synagogue,Entire rental unit in Adelaide,"['5 guests', '2 bedrooms', '3 beds', '1 bath', 'Free parking', 'Kitchen', 'Air conditioning', 'Wifi']",4.22 (65 reviews),https://www.airbnb.com/rooms/27425141?previous_page_section_name=1000&federated_search_id=9b54aa80-df0c-4ca8-8cfc-680fb536af00,151.0172143974961
Well located character home with ensuite bathroom.,Private room in Croydon,"['2 guests', '1 bedroom', '1 bed', '2.5 baths', 'Kitchen', 'Air conditioning', 'Wifi']",4.96 (159 reviews),https://www.airbnb.com/rooms/24567429?previous_page_section_name=1000&federated_search_id=9b54aa80-df0c-4ca8-8cfc-680fb536af00,46.791862284820034
Cozy home/Townhouse iat Sparman/3 Beds✔Wifi✔Garage,Entire townhouse in Adelaide,"['5 guests', '3 bedrooms', '3 beds', '2.5 baths', 'Free parking', 'Kitchen', 'Air conditioning', 'Wifi']",4.88 (16 reviews),https://www.airbnb.com/rooms/50294505?previous_page_section_name=1000&federated_search_id=9b54aa80-df0c-4ca8-8cfc-680fb536af00,132.3943661971831
Easy to City Hills and Beach 1SRC,Private room in Glandore,"['1 guest', '1 bedroom', '1 bed', '2 shared baths', 'Free parking', 'Kitchen', 'Air conditioning', 'Wifi']",4.95 (19 reviews),https://www.airbnb.com/rooms/45682902?previous_page_section_name=1000&federated_search_id=9b54aa80-df0c-4ca8-8cfc-680fb536af00,39.12363067292645
"Showgrounds, city fringe and close to shops!",Entire rental unit in Wayville,"['4 guests', '2 bedrooms', '3 beds', '1 bath', 'Free parking', 'Kitchen', 'Air conditioning', 'Wifi']",4.70 (90 reviews),https://www.airbnb.com/rooms/27408503?previous_page_section_name=1000&federated_search_id=9b54aa80-df0c-4ca8-8cfc-680fb536af00,64.94522691705791
103b Studio Apt @ Frome Street Apartments - Wi-Fi!,Entire rental unit in Adelaide,"['2 guests', 'Studio', '1 bath', 'Air conditioning', 'Wifi']",rating,https://www.airbnb.com/rooms/53347079?previous_page_section_name=1000&federated_search_id=9b54aa80-df0c-4ca8-8cfc-680fb536af00,76.99530516431925
Between the city and the beach 1SRB,Private room in Glandore,"['1 guest', '1 bedroom', '1 bed', '2 shared baths', 'Free parking', 'Kitchen', 'Air conditioning', 'Wifi']",4.88 (68 reviews),https://www.airbnb.com/rooms/21950524?previous_page_section_name=1000&federated_search_id=9b54aa80-df0c-4ca8-8cfc-680fb536af00,39.12363067292645
Luxury Boutique One Bedroom Studio Apartment,Entire rental unit in Torrensville,"['2 guests', '1 bedroom', '1 bed', '1 bath', 'Free parking', 'Kitchen', 'Air conditioning', 'Wifi']",4.87 (15 reviews),https://www.airbnb.com/rooms/44508347?previous_page_section_name=1000&federated_search_id=9b54aa80-df0c-4ca8-8cfc-680fb536af00,91.54929577464789
Adelaide Oval is a walk!,Entire cottage in North Adelaide,"['5 guests', '1 bedroom', '2 beds', '1 bath', 'Free parking', 'Kitchen', 'Air conditioning', 'Wifi']",4.80 (97 reviews),https://www.airbnb.com/rooms/15606631?previous_page_section_name=1000&federated_search_id=9b54aa80-df0c-4ca8-8cfc-680fb536af00,136.15023474178403
Bright on Franklin✈biz trip Parking✔Pool✔Gym✔WiFi,Entire rental unit in Adelaide,"['5 guests', '2 bedrooms', '2 beds', '2 baths', 'Free parking', 'Kitchen', 'Air conditioning', 'Wifi']",4.66 (143 reviews),https://www.airbnb.com/rooms/32601947?previous_page_section_name=1000&federated_search_id=9b54aa80-df0c-4ca8-8cfc-680fb536af00,143.97496087636932
"Sleepy Cat B&B: Spacious house, central loc., pool",Private room in Torrensville,"['2 guests', '1 bedroom', '1 bed', '1 shared bath', 'Free parking', 'Kitchen', 'Air conditioning', 'Wifi']",5.0 (11 reviews),https://www.airbnb.com/rooms/4888711?previous_page_section_name=1000&federated_search_id=9b54aa80-df0c-4ca8-8cfc-680fb536af00,72.9264475743349
"City Family Escape, Free Wifi, Netflix, Tennis",Entire rental unit in Adelaide,"['7 guests', '3 bedrooms', '5 beds', '1.5 baths', 'Free parking', 'Kitchen', 'Air conditioning', 'Wifi']",4.77 (304 reviews),https://www.airbnb.com/rooms/15902733?previous_page_section_name=1000&federated_search_id=9b54aa80-df0c-4ca8-8cfc-680fb536af00,85.44600938967136
★Pokémon Inspired★King Beds★Balcony★Pool★Gym★BBQ★,Entire rental unit in Adelaide,"['5 guests', '2 bedrooms', '3 beds', '1 bath', 'Kitchen', 'Air conditioning', 'Wifi']",4.97 (39 reviews),https://www.airbnb.com/rooms/40666777?previous_page_section_name=1000&federated_search_id=9b54aa80-df0c-4ca8-8cfc-680fb536af00,149.60876369327073
Designer Apartment in Early Classical 1900's Hotel,Entire rental unit in Adelaide,"['2 guests', '1 bedroom', '1 bed', '1 bath', 'Kitchen', 'Air conditioning', 'Wifi']",rating,https://www.airbnb.com/rooms/31500132?previous_page_section_name=1000&federated_search_id=9b54aa80-df0c-4ca8-8cfc-680fb536af00,132.8638497652582
Swainson on Bent,Entire rental unit in Adelaide,"['6 guests', '2 bedrooms', '3 beds', '1 bath', 'Free parking', 'Kitchen', 'Air conditioning', 'Wifi']",4.14 (72 reviews),https://www.airbnb.com/rooms/28766313?previous_page_section_name=1000&federated_search_id=9b54aa80-df0c-4ca8-8cfc-680fb536af00,143.1924882629108
The Apartment on Chapel,Entire rental unit in Norwood,"['4 guests', '2 bedrooms', '3 beds', '2 baths', 'Free parking', 'Kitchen', 'Air conditioning', 'Wifi']",4.94 (161 reviews),https://www.airbnb.com/rooms/9498531?previous_page_section_name=1000&federated_search_id=9b54aa80-df0c-4ca8-8cfc-680fb536af00,125.19561815336463
Trendy 11th story studio apartment,Entire rental unit in Adelaide,"['2 guests', 'Studio', '1 bed', '1 bath', 'Kitchen', 'Air conditioning', 'Wifi']",5.0 (8 reviews),https://www.airbnb.com/rooms/35479063?previous_page_section_name=1000&federated_search_id=9b54aa80-df0c-4ca8-8cfc-680fb536af00,128.32550860719874
Glam On Gladstone - Renovated Character Cottage,Entire residential home in Adelaide,"['4 guests', '2 bedrooms', '2 beds', '1 bath', 'Kitchen', 'Air conditioning', 'Wifi']",4.74 (19 reviews),https://www.airbnb.com/rooms/47566239?previous_page_section_name=1000&federated_search_id=88861357-106b-4db7-a32b-40f61b345622,120.97026604068859
UNFORGETTABLE VIEWS of Adelaide Oval & the CBD!,Entire rental unit in North Adelaide,"['4 guests', '2 bedrooms', '3 beds', '2 baths', 'Free parking', 'Kitchen', 'Air conditioning', 'Wifi']",4.87 (157 reviews),https://www.airbnb.com/rooms/17499357?previous_page_section_name=1000&federated_search_id=88861357-106b-4db7-a32b-40f61b345622,103.28638497652582
Central 2 Bed 2 Bath Apartment KingWilliam w/ View,Entire rental unit in Adelaide,"['4 guests', '2 bedrooms', '3 beds', '2 baths', 'Kitchen', 'Air conditioning', 'Wifi']",4.77 (157 reviews),https://www.airbnb.com/rooms/21581980?previous_page_section_name=1000&federated_search_id=88861357-106b-4db7-a32b-40f61b345622,101.72143974960876
East End CBD apartment--2 queen beds+Netflix,Entire rental unit in Adelaide,"['6 guests', '2 bedrooms', '3 beds', '1 bath', 'Kitchen', 'Air conditioning', 'Wifi']",5.0 (6 reviews),https://www.airbnb.com/rooms/38934177?previous_page_section_name=1000&federated_search_id=88861357-106b-4db7-a32b-40f61b345622,94.67918622848201
North Adelaide studio 🌷 Melbourne St 🌷,Entire serviced apartment in North Adelaide,"['4 guests', 'Studio', '2 beds', '1 bath', 'Kitchen', 'Air conditioning', 'Wifi']",rating,https://www.airbnb.com/rooms/43225552?previous_page_section_name=1000&federated_search_id=88861357-106b-4db7-a32b-40f61b345622,53.9906103286385
Soak up the Breezy Vibes at a Vintage Bluestone Cottage,Entire residential home in Adelaide,"['5 guests', '3 bedrooms', '3 beds', '1 bath', 'Kitchen', 'Air conditioning', 'Wifi']",4.81 (257 reviews),https://www.airbnb.com/rooms/plus/12542371?previous_page_section_name=1000&federated_search_id=88861357-106b-4db7-a32b-40f61b345622,142.56651017214398
Swainson at Embassy (Top-floor Penthouse with Spa),Entire rental unit in Adelaide,"['6 guests', '2 bedrooms', '3 beds', '2 baths', 'Free parking', 'Kitchen', 'Air conditioning', 'Wifi']",4.45 (55 reviews),https://www.airbnb.com/rooms/40777656?previous_page_section_name=1000&federated_search_id=88861357-106b-4db7-a32b-40f61b345622,241.47104851330204
Modern Apt Amazing View | CBD | Cinema🎥 Gym💪🏼 Pool💦,Entire rental unit in Adelaide,"['6 guests', '2 bedrooms', '3 beds', '2 baths', 'Kitchen', 'Air conditioning', 'Wifi']",4.84 (31 reviews),https://www.airbnb.com/rooms/48388569?previous_page_section_name=1000&federated_search_id=88861357-106b-4db7-a32b-40f61b345622,154.61658841940533
Spacious Apartment--Tasting of Adelaide City Life,Entire rental unit in Adelaide,"['4 guests', '1 bedroom', '2 beds', '1 bath', 'Free parking', 'Kitchen', 'Air conditioning', 'Wifi']",rating,https://www.airbnb.com/rooms/53552461?previous_page_section_name=1000&federated_search_id=88861357-106b-4db7-a32b-40f61b345622,99.6870109546166
★Luxurious 2BR City Apartment★ Staycation✔Parking✔,Entire condominium (condo) in Adelaide,"['4 guests', '2 bedrooms', '2 beds', '1 bath', 'Free parking', 'Kitchen', 'Air conditioning', 'Wifi']",4.67 (3 reviews),https://www.airbnb.com/rooms/52270363?previous_page_section_name=1000&federated_search_id=88861357-106b-4db7-a32b-40f61b345622,82.47261345852895
Corry's Cottage (Part of Harriett's),Entire townhouse in Adelaide,"['3 guests', '1 bedroom', '1 bed', '1 bath', 'Kitchen', 'Air conditioning', 'Wifi']",4.53 (19 reviews),https://www.airbnb.com/rooms/32668599?previous_page_section_name=1000&federated_search_id=88861357-106b-4db7-a32b-40f61b345622,106.10328638497653
Private access - 'The Box' at The Crumbling Castle,Entire guesthouse in Bowden,"['2 guests', '1 bedroom', '1 bed', '1 bath', 'Air conditioning', 'Wifi']",4.68 (154 reviews),https://www.airbnb.com/rooms/2290549?previous_page_section_name=1000&federated_search_id=88861357-106b-4db7-a32b-40f61b345622,43.0359937402191
Lovely 2-bed 2-bath rental apartment in the city,Entire rental unit in Adelaide,"['4 guests', '2 bedrooms', '2 beds', '2 baths', 'Free parking', 'Kitchen', 'Air conditioning', 'Wifi']",rating,https://www.airbnb.com/rooms/53365541?previous_page_section_name=1000&federated_search_id=88861357-106b-4db7-a32b-40f61b345622,163.84976525821597
Quiet light filled abode in Unley,Entire rental unit in Unley,"['2 guests', '1 bedroom', '1 bed', '1 bath', 'Free parking', 'Kitchen', 'Air conditioning', 'Wifi']",4.98 (53 reviews),https://www.airbnb.com/rooms/37479465?previous_page_section_name=1000&federated_search_id=88861357-106b-4db7-a32b-40f61b345622,74.33489827856026
Stunning CBD 1 BR Apartment With a View - V812,Entire rental unit in Adelaide,"['3 guests', '1 bedroom', '1 bed', '1 bath', 'Kitchen', 'Air conditioning', 'Wifi']",4.68 (48 reviews),https://www.airbnb.com/rooms/21651161?previous_page_section_name=1000&federated_search_id=88861357-106b-4db7-a32b-40f61b345622,89.0453834115806
Fully Vaxed 10% off - Little Jewel Box - Cityside,Entire townhouse in Eastwood,"['2 guests', '1 bedroom', '1 bed', '1 bath', 'Kitchen', 'Air conditioning', 'Wifi']",5.0 (5 reviews),https://www.airbnb.com/rooms/51054089?previous_page_section_name=1000&federated_search_id=88861357-106b-4db7-a32b-40f61b345622,103.28638497652582
CBD Apartment Right in the Centre of the City - Free Netflix,Entire rental unit in Adelaide,"['4 guests', '2 bedrooms', '2 beds', '2 baths', 'Kitchen', 'Air conditioning', 'Wifi']",4.88 (118 reviews),https://www.airbnb.com/rooms/plus/14886409?previous_page_section_name=1000&federated_search_id=88861357-106b-4db7-a32b-40f61b345622,143.97496087636932
Mod. Unit w/Stylish Skyline Views & Secure Parking,Entire rental unit in Bowden,"['4 guests', '2 bedrooms', '2 beds', '2 baths', 'Free parking', 'Kitchen', 'Air conditioning', 'Wifi']",4.79 (14 reviews),https://www.airbnb.com/rooms/50249253?previous_page_section_name=1000&federated_search_id=88861357-106b-4db7-a32b-40f61b345622,144.91392801251956
Serene★Business trip ★NBN✔Printer✔Parking,Entire rental unit in Adelaide,"['4 guests', '2 bedrooms', '3 beds', '2 baths', 'Free parking', 'Kitchen', 'Air conditioning', 'Wifi']",4.72 (72 reviews),https://www.airbnb.com/rooms/38364250?previous_page_section_name=1000&federated_search_id=88861357-106b-4db7-a32b-40f61b345622,134.8982785602504
Swainson at Embassy,Entire rental unit in Adelaide,"['4 guests', '1 bedroom', '2 beds', '1 bath', 'Free parking', 'Kitchen', 'Air conditioning', 'Wifi']",4.60 (35 reviews),https://www.airbnb.com/rooms/45105259?previous_page_section_name=1000&federated_search_id=88861357-106b-4db7-a32b-40f61b345622,143.1924882629108
